text,label
പ്രിംറോസ് പാത,MOVIE
ജിഞ്ചർ റോജേഴ്സ്,PERSON
മാൻഹട്ടനിലെ പ്രണയം,MOVIE
മേജറും മൈനറും,MOVIE
ഒരിക്കൽ ഒരു മധുവിധു,MOVIE
ഞങ്ങൾ വിവാഹിതരല്ല!,MOVIE
ടെൻഡർ സഖാവ്,MOVIE
കിറ്റി ഫോയിൽ,MOVIE
റിയോയിലേക്ക് പറക്കുന്നു,MOVIE
ബാച്ചിലർ അമ്മ,MOVIE
കൊടുങ്കാറ്റ് മുന്നറിയിപ്പ്,MOVIE
ബ്രോഡ്‌വേയിലെ പുറംതൊലി,MOVIE
കുരങ്ങൻ കച്ചവടം,MOVIE
അർദ്ധരാത്രിയിലെ നക്ഷത്രം,MOVIE
ഇറുകിയ സ്ഥലം,MOVIE
റോബർട്ട,MOVIE
സ്റ്റേജ് വാതിൽ,MOVIE
അശ്രദ്ധ,MOVIE
വെർനണിന്റെയും ഐറിൻ കോട്ടയുടെയും കഥ,MOVIE
കപ്പലിനെ പിന്തുടരുക,MOVIE
സ്വിംഗ് സമയം,MOVIE
ഞാൻ നിന്നെ കാണും,MOVIE
മുകളിലെ തൊപ്പി,MOVIE
സ്വവർഗ്ഗാനുരാഗിയായ വിവാഹമോചിത,MOVIE
കറുത്ത വിധവ,MOVIE
ചടുലയായ സ്ത്രീ,MOVIE
റോക്സി ഹാർട്ട്,MOVIE
സ്വർഗ്ഗത്തിൽ നിന്ന് അകലെ,MOVIE
മൂർ,TAGS
ഫാരൻഹീറ്റ് 9/11,MOVIE
ചുവന്ന പ്രഭാതം,MOVIE
തൊഴിൽ,TAGS
ആഗസ്റ്റ് ചന്ദ്രന്റെ ചായക്കട,MOVIE
ട്രാഫിക്,MOVIE
ജാക്വസ് ടാറ്റി,PERSON
പരേഡ്,MOVIE
മോൻ ഓങ്കിൾ,MOVIE
കളി സമയം,MOVIE
മായക്കാരൻ,MOVIE
എസ്. ഇരുണ്ട,MOVIE
ഡോണി ഡാർക്കോ,MOVIE
റിച്ചാർഡ് കെല്ലി,TAGS
ജേക്ക് ഗില്ലെൻഹാൽ,TAGS
മാഗി ഗില്ലെൻഹാൽ,TAGS
2001,YEAR
നാടകം,GENRE
ഇരുണ്ട,TAGS
ആർ,TAGS
ബാരിമോർ വരച്ചു,TAGS
ലഭിക്കും,TAGS
പാട്രിക് swayze,TAGS
ജെന മലോൺ,TAGS
cdon,TAGS
സംവിധായകന്റെ കട്ട്,TAGS
മേരി മക്ഡോണൽ,TAGS
നോവ വൈൽ,TAGS
മാർക് പീസ് അനുഭവം,MOVIE
ബെൻ സ്റ്റില്ലർ,TAGS
വിപത്തുമായി ഫ്ലർട്ടിംഗ്,MOVIE
ഉഷ്ണമേഖലാ ഇടിമിന്നൽ,MOVIE
ഫോക്കർമാരെ കണ്ടുമുട്ടുക,MOVIE
മെറി മഡഗാസ്കർ,MOVIE
പൂജ്യം പ്രഭാവം,MOVIE
കേബിൾ പയ്യൻ,MOVIE
രാത്രി മ്യൂസിയത്തിൽ,MOVIE
ഡ്യൂപ്ലക്സ്,MOVIE
ടവർ കവർച്ച,MOVIE
സ്ഥിരമായ അർദ്ധരാത്രി,MOVIE
ഹൃദയഭേദകമായ കുട്ടി,MOVIE
ചെറിയ ഫോക്കറുകൾ,MOVIE
ലൂസി വീണാൽ,MOVIE
വിശ്വാസം കാത്തുസൂക്ഷിക്കുന്നു,MOVIE
മേരിയെക്കുറിച്ച് എന്തോ ഉണ്ട്,MOVIE
രാജകീയ ടെനൻബോംസ്,MOVIE
വാച്ച്,MOVIE
വാൾട്ടർ മിറ്റിയുടെ രഹസ്യ ജീവിതം,MOVIE
അസൂയ,MOVIE
മഡഗാസ്കർ,MOVIE
മാതാപിതാക്കളെ കണ്ടുമുട്ടുക,MOVIE
ഗ്രീൻബെർഗ്,MOVIE
നിഗൂഢ മനുഷ്യർ,MOVIE
കൂടെ വന്നു പോളി,MOVIE
മൃഗശാല,TAGS
യാഥാർത്ഥ്യം കടിച്ചു,MOVIE
പൊതു ശത്രുക്കൾ,MOVIE
ഡില്ലിംഗർ,TAGS
ഡിലിംഗർ മരിച്ചു,MOVIE
മാർക്കോ ഫെരേരി,PERSON
മൈക്കൽ പിക്കോളി,PERSON
അനിത പാലെൻബെർഗ്,PERSON
1969,YEAR
ഇറ്റാലിയൻ,LANGUAGE
ഡില്ലിങ്ങർ,MOVIE
ജോൺ മിലിയസ്,PERSON
വാറൻ ഓട്സ്,PERSON
ബെൻ ജോൺസൺ,PERSON
മിഷേൽ ഫിലിപ്സ്,PERSON
1973,YEAR
max nosseck,PERSON
1945,YEAR
bd-r,TAGS
കുഞ്ഞേ,MOVIE
ക്രിസ് നൂനൻ,TAGS
മിസ് പോട്ടർ,MOVIE
"അറ്റ്ലാന്റിസ്, നഷ്ടപ്പെട്ട ഭൂഖണ്ഡം",MOVIE
ജോർജ്ജ് സുഹൃത്ത്,PERSON
ഡോ.യുടെ 7 മുഖങ്ങൾ. ലാവോ,MOVIE
സമയ യന്ത്രം,MOVIE
ഗ്രിം സഹോദരന്മാരുടെ അത്ഭുത ലോകം,MOVIE
വൈക്കോൽ നായ്ക്കൾ,MOVIE
റോഡ് ലൂറി,TAGS
ചാമ്പ്യനെ ഉയിർപ്പിക്കുന്നു,MOVIE
മത്സരാർത്ഥി,MOVIE
തടയൽ,MOVIE
അവസാന കോട്ട,MOVIE
വെർക്ക്മീസ്റ്റർ ഹാർമണി,MOVIE
പ്രതിരോധത്തിന്റെ വിഷാദം,TAGS
പോളിടെക്നിക്,MOVIE
ക്യൂബെക്ക്,TAGS
കറുത്ത വസ്ത്രം,MOVIE
വിചിത്രമായ ഗ്രഹം,MOVIE
ക്ലോഡിയ കർവൻ,PERSON
1999,YEAR
കോമഡി,GENRE
ഗ്രഹം 51,MOVIE
ജോർജ് ബ്ലാങ്കോ,PERSON
ജോ സ്റ്റിൽമാൻ,PERSON
ഗാരി ഓൾഡ്മാൻ,TAGS
ജെസീക്ക ബീൽ,TAGS
ഡ്വെയ്ൻ ജോൺസൺ,PERSON
ജോൺ ക്ലീസ്,PERSON
2009,YEAR
ഇംഗ്ലീഷ്,LANGUAGE
സ്പാനിഷ്,LANGUAGE
ആനിമേഷൻ,TAGS
ആനിമേറ്റഡ്,TAGS
ഒരു ചെറിയ ഗ്രഹം സന്ദർശിക്കുക,MOVIE
ഗോർ വിഡൽ,TAGS
ജെറി ലൂയിസ്,PERSON
1960,YEAR
ഒരു നാടകത്തെ അടിസ്ഥാനമാക്കി,TAGS
കുരങ്ങൻ ഗ്രഹത്തിനായുള്ള യുദ്ധം,MOVIE
ജെ. ലീ തോംസൺ,PERSON
റോഡി മക്ഡോവാൾ,PERSON
നതാലി ട്രണ്ടി,PERSON
ക്ലോഡ് അക്കിൻസ്,PERSON
സെവേൺ ഡാർഡൻ,PERSON
ഭൂമിയിൽ നിന്ന് രക്ഷപ്പെടുക,MOVIE
കാൽ ബ്രങ്കർ,PERSON
ബ്രെൻഡൻ ഫ്രേസർ,PERSON
കവർച്ച കോർഡ്രി,PERSON
2013,YEAR
അതിശയകരമായ ഗ്രഹം,MOVIE
റെനെ ലാലൂക്സ്,TAGS
റോളണ്ട് ടോപോർ,PERSON
സ്റ്റെഫാൻ വുൾ,PERSON
ഫ്രഞ്ച്,LANGUAGE
ദിനോസറുകളുടെ ഗ്രഹം,MOVIE
ജെയിംസ് കെ. ഷിയ,PERSON
പരമാവധി തായർ,PERSON
ഏകാന്തമായ ഗ്രഹം,MOVIE
ജൂലിയ ലോക്ടെവ്,PERSON
ടോം ബിസ്സൽ,PERSON
ഹാനി ഫർസ്റ്റൻബർഗ്,PERSON
bidzina gujabidze,PERSON
2011,YEAR
ജോർജിയൻ,LANGUAGE
കുരങ്ങൻ ഗ്രഹം കീഴടക്കൽ,MOVIE
1972,YEAR
ഗ്രഹ ഭീകരത,MOVIE
റോബർട്ട് റോഡ്രിഗസ്,TAGS
ജോഷ് ബ്രോലിൻ,TAGS
മാർലി ഷെൽട്ടൺ,PERSON
റോസ് മക്ഗോവൻ,TAGS
2007,YEAR
നടപടി,GENRE
ഭയങ്കരതം,GENRE
ബ്രൂസ് വില്ലിസ്,TAGS
സൈനിക,TAGS
ഗ്രൈൻഡ്ഹൗസ്,MOVIE
മൈക്കൽ ബീഹൻ,TAGS
ഗ്രഹത്തിൽ നിന്നുള്ള മനുഷ്യൻ,MOVIE
എഡ്ഗർ ജി. ഉൽമർ,PERSON
വില്യം സ്കാളർട്ട്,PERSON
റോബർട്ട് ക്ലാർക്ക്,PERSON
മാർഗരറ്റ് ഫീൽഡ്,PERSON
1951,YEAR
നിങ്ങൾ ഏത് ഗ്രഹത്തിൽ നിന്നാണ്?,MOVIE
മൈക്ക് നിക്കോൾസ്,TAGS
ഗാരി ഷാൻഡ്ലിംഗ്,PERSON
ജോൺ ഗുഡ്മാൻ,PERSON
അനെറ്റ് ബെനിംഗ്,PERSON
ഗ്രെഗ് കിന്നിയർ,TAGS
2000,YEAR
ദേഷ്യം വരുന്ന ചുവന്ന ഗ്രഹം,MOVIE
ib melchior,PERSON
ജെറാൾഡ് മോഹർ,PERSON
1959,YEAR
കുരങ്ങൻ ഗ്രഹത്തിന്റെ ഉദയം,MOVIE
റൂപർട്ട് വ്യാറ്റ്,PERSON
അമണ്ട വെള്ളി,PERSON
റിക്ക് ജാഫ,PERSON
ആൻഡി സെർകിസ്,TAGS
ഒറിജിനൽ,TAGS
കഥ,TAGS
പ്രത്യേക ഇഫക്റ്റുകൾ,TAGS
ജെയിംസ് ഫ്രാങ്കോ,TAGS
റീബൂട്ട് ചെയ്യുക,TAGS
ജോൺ ലിത്ഗോ,TAGS
കുരങ്ങുകൾ,TAGS
ടോം ഫെൽടൺ,TAGS
ഫ്രീഡ പിന്റോ,TAGS
ഗ്രഹം,TAGS
ചുവന്ന ഗ്രഹം,MOVIE
ആന്റണി ഹോഫ്മാൻ,PERSON
വാൽ കിൽമർ,PERSON
ടോം കൂടുതൽ വലിപ്പം,PERSON
ത്രില്ലർ,GENRE
നിധി ഗ്രഹം,MOVIE
ജോൺ മസ്കർ,PERSON
റോൺ ക്ലെമന്റ്സ്,TAGS
റോബർട്ട് ലൂയിസ് സ്റ്റീവൻസൺ,TAGS
റോസ്‌കോ ലീ ബ്രൗൺ,PERSON
2002,YEAR
സാഹസികത,GENRE
ഡിസ്നി,TAGS
നിധി,TAGS
വാമ്പയർമാരുടെ ഗ്രഹം,MOVIE
മരിയോ ബാവ,PERSON
ലൂയിസ് എം. ഉയർച്ചയിലേക്ക്,PERSON
ആൽബെർട്ടോ ബെവിലാക്വ,PERSON
callisto cosulich,PERSON
റെനാറ്റോ പെസ്ട്രിനീറോ,PERSON
റാഫേൽ ജെ. സാൽവിയ,PERSON
ബാരി സള്ളിവൻ,PERSON
നോർമ ബെംഗൽ,PERSON
1965,YEAR
മറ്റൊരു ഗ്രഹത്തിൽ നിന്നുള്ള സഹോദരൻ,MOVIE
ജോൺ സെയ്ൽസ്,TAGS
ജോ മോർട്ടൺ,PERSON
1984,YEAR
ഹാർലെം,TAGS
വിലക്കപ്പെട്ട ഗ്രഹം,MOVIE
ഫ്രെഡ് എം. വിൽകോക്സ്,PERSON
സിറിൽ ഹ്യൂം,PERSON
ലെസ്ലി നീൽസൺ,TAGS
വാൾട്ടർ പിഡ്ജോൺ,PERSON
ആനി ഫ്രാൻസിസ്,PERSON
വാറൻ സ്റ്റീവൻസ്,PERSON
1956,YEAR
സ്ഥലം,TAGS
സയൻസ് ഫിക്ഷൻ,TAGS
ഷേക്സ്പിയർ,TAGS
"വന്യ, വന്യ ഗ്രഹം",MOVIE
അന്റോണിയോ മാർഗരിറ്റി,PERSON
ഇവാൻ റെയ്നർ,PERSON
റെനാറ്റോ മോറെറ്റി,PERSON
ടോണി റസ്സൽ,PERSON
ലിസ ഗാസ്റ്റോണി,PERSON
മാസിമോ സെറാറ്റോ,PERSON
കുരങ്ങുകളുടെ ഗ്രഹം,MOVIE
ഫ്രാങ്ക്ലിൻ ജെ. ഷാഫ്നർ,TAGS
പിയറി ബുള്ളെ,PERSON
മൈക്കൽ വിൽസൺ,PERSON
വടി സെർലിംഗ്,PERSON
ചാൾട്ടൺ ഹെസ്റ്റൺ,TAGS
കിം വേട്ടക്കാരൻ,PERSON
മൗറീസ് ഇവാൻസ്,PERSON
1968,YEAR
ദേശീയ ചലച്ചിത്ര രജിസ്ട്രി,TAGS
സ്ക്രിപ്റ്റ്,TAGS
കുരങ്ങൻ ഗ്രഹത്തിന്റെ പ്രഭാതം,MOVIE
മാറ്റ് റീവ്സ്,TAGS
ബോംബാക്ക് അടയാളപ്പെടുത്തുക,PERSON
ജേസൺ ക്ലാർക്ക്,PERSON
കേറി റസ്സൽ,PERSON
2014,YEAR
തുടർച്ച,TAGS
വികാരപരമായ,TAGS
ടിം ബർട്ടൺ,TAGS
ലോറൻസ് കോണർ,PERSON
അടയാളം rosenthal,PERSON
മാർക്ക് വാൾബെർഗ്,PERSON
ഹെലീന ബോൺഹാം കാർട്ടർ,PERSON
ടിം റോത്ത്,PERSON
മൈക്കൽ ക്ലാർക്ക് ഡങ്കൻ,PERSON
റീമേക്ക്,TAGS
കലാപം,TAGS
ഏകാന്ത,TAGS
തകര്ച്ച,TAGS
കുരങ്ങന്മാരുടെ ഗ്രഹത്തിൽ നിന്ന് രക്ഷപ്പെടുക,MOVIE
ഡോൺ ടെയ്‌ലർ,PERSON
പോൾ ഡെൻ,PERSON
ബ്രാഡ്ഫോർഡ് ഡിൽമാൻ,PERSON
1971,YEAR
അന്യഗ്രഹജീവികൾ,MOVIE
ചരിത്രാതീത ഗ്രഹത്തിലേക്കുള്ള യാത്ര,MOVIE
കർട്ടിസ് ഹാറിംഗ്ടൺ,PERSON
ബേസിൽ റാത്ത്ബോൺ,PERSON
കുരങ്ങുകളുടെ ഗ്രഹത്തിന് താഴെ,MOVIE
ടെഡ് പോസ്റ്റ്,TAGS
ജെയിംസ് ഫ്രാൻസിസ്കസ്,PERSON
ലിൻഡ ഹാരിസൺ,PERSON
1970,YEAR
പുറത്തുള്ളവർ,MOVIE
s.e. ഹിന്റൺ,TAGS
അത് അന്നായിരുന്നു... ഇതാണ് ഇപ്പോൾ,MOVIE
ഒരു വിദ്യാഭ്യാസം,MOVIE
കാരി മുള്ളിഗൻ,TAGS
ലെവിൻ ഡേവിസിനുള്ളിൽ,MOVIE
ഒരിക്കലും എന്നെ പോകാൻ അനുവദിക്കില്ല,MOVIE
ഏറ്റവും വലിയ,MOVIE
ഡ്രൈവ്,MOVIE
ഗ്രേറ്റ് ഗാറ്റ്സ്ബൈ,MOVIE
നാണക്കേട്,MOVIE
ബ്രൂസ് സർവശക്തൻ,MOVIE
സ്റ്റീവ് ഒഡെകെർക്ക്,TAGS
ഉയർന്ന സ്ട്രോങ്ങ്,MOVIE
കളപ്പുര,MOVIE
നഷ്ടപ്പെടാനൊന്നുമില്ല,MOVIE
കുട്ടിക്കാലം,MOVIE
കൗമാരക്കാർ,TAGS
മയക്കത്തെ ഓർക്കുക,MOVIE
കെൻ പാർക്ക്,MOVIE
കുട്ടികൾ,MOVIE
ട്രെയിൻ സ്പോട്ടിംഗ്,MOVIE
1980-കൾ,TAGS
24 മണിക്കൂർ പാർട്ടി ആളുകൾ,MOVIE
ബിഗ്,MOVIE
80കൾ,TAGS
പിങ്ക് നിറത്തിൽ സുന്ദരി,MOVIE
വിവാഹ ഗായകൻ,MOVIE
ബോഗി രാത്രികൾ,MOVIE
ഫ്ലാഷ് ഡാൻസ്,MOVIE
ശരിയായത് അകത്ത് വരട്ടെ,MOVIE
ചതുപ്പ് കാര്യം,MOVIE
ഏതോ അത്ഭുതം,MOVIE
റാംബോയുടെ മകൻ,MOVIE
നന്മയുടെയും തിന്മയുടെയും പൂന്തോട്ടത്തിൽ അർദ്ധരാത്രി,MOVIE
എന്നെ അകത്തേക്ക് വിടൂ,MOVIE
ദി മോൺസ്റ്റർ സ്ക്വാഡ്,MOVIE
കണവയും തിമിംഗലവും,MOVIE
നികുതി ചുമത്തുന്ന ഒരു സ്ത്രീ,MOVIE
ജുസോ ഇറ്റാമി,TAGS
ശവസംസ്കാരം,MOVIE
ടാംപോപോ,MOVIE
ഞാൻ നിന്നെ സ്നേഹിക്കുന്നു ഫിലിപ്പ് മോറിസ്,MOVIE
കോൺ ആർട്ടിസ്റ്റ്,TAGS
തലയിണ പുസ്തകം,MOVIE
കലാപരമായ,TAGS
ആൻഡ്രി റൂബ്ലെവ്,MOVIE
കലാകാരൻ,TAGS
ദി കലാകാരൻ,MOVIE
മൈക്കൽ ഹസാനവിഷ്യസ്,TAGS
ജീൻ ദുജാർഡിൻ,TAGS
ബെറിനിസ് ബെജോ,PERSON
ഹോളിവുഡ്,TAGS
നിശബ്ദം,TAGS
അമേരിക്കൻ തിരക്ക്,MOVIE
കോൺ ആർട്ടിസ്റ്റുകൾ,TAGS
കലാകാരന്മാരും മോഡലുകളും,MOVIE
ഷേർലി മക്ലെയിൻ,PERSON
ഡൊറോത്തി മലോൺ,PERSON
1955,YEAR
സംഗീതാത്മകമായ,TAGS
vistavision,TAGS
ഒമ്പത് രാജ്ഞികൾ,MOVIE
പിക്ക്-അപ്പ് ആർട്ടിസ്റ്റ്,MOVIE
ജെയിംസ് ടോബാക്ക്,PERSON
റോബർട്ട് ഡൌനീ ജൂനിയർ.,PERSON
മോളി റിങ്വാൾഡ്,PERSON
1987,YEAR
കുതിരയുടെ വായ,MOVIE
രക്ഷപ്പെടൽ കലാകാരൻ,MOVIE
caleb deschanel,PERSON
ഡേവിഡ് വാഗണർ,PERSON
ദേശി അർനാസ്,PERSON
ഗ്രിഫിൻ ഓനീൽ,PERSON
1982,YEAR
കലാകാരനും മോഡലും,MOVIE
ഫെർണാണ്ടോ ട്രൂബ,PERSON
2012,YEAR
വിക്കി ക്രിസ്റ്റീന ബാഴ്സലോണ,MOVIE
ബാസ്കിയറ്റ്,MOVIE
ഒരു പാത്രം ചായ കഴിക്കൂ,MOVIE
വെയ്ൻ വാങ്,TAGS
സ്ലാം ഡാൻസ്,MOVIE
ചാനെ കാണാനില്ല,MOVIE
കഴിഞ്ഞ അവധി,MOVIE
കാരണം winn-dixie,MOVIE
ചൈനീസ് പെട്ടി,MOVIE
പുക,MOVIE
മാൻഹട്ടനിലെ വേലക്കാരി,MOVIE
മുഖത്ത് നീല,MOVIE
മഞ്ഞ് പൂവും രഹസ്യ ആരാധകനും,MOVIE
ലോകത്തിന്റെ കേന്ദ്രം,MOVIE
സന്തോഷം ഭാഗ്യ ക്ലബ്ബ്,MOVIE
നഗ്ന ഉച്ചഭക്ഷണം,MOVIE
വില്യം എസ്. ബറോസ്,TAGS
വിദൂഷകനെ കുലുക്കുന്നു,MOVIE
കോമാളികൾ,TAGS
ഫെഡറിക്കോ ഫെല്ലിനി,PERSON
ഡോക്യുമെന്ററി,GENRE
ബഹിരാകാശത്ത് നിന്ന് കൊലയാളി ക്ലോൻസ്,MOVIE
ആയിരം കോമാളികൾ,MOVIE
ഫ്രെഡ് കോ,PERSON
ഔഷധസസ്യ തോട്ടക്കാരൻ,PERSON
പെന്റഗൺ യുദ്ധങ്ങൾ,MOVIE
കാരി എൽവെസ്,PERSON
ലൂക്കിന്റെ കഥ,MOVIE
ക്രഷ്,MOVIE
കണ്ടു,MOVIE
മഹത്വം,MOVIE
ചൂടുള്ള ഷോട്ടുകൾ!,MOVIE
ഹെൽഗേറ്റ്,MOVIE
ജോർജിയ ഭരണം,MOVIE
ഒട്ടകത്തിനായുള്ള അന്വേഷണം,MOVIE
അക്ഷരമാല കൊലയാളി,MOVIE
പൂച്ചയുടെ മ്യാവൂ,MOVIE
പെൺകുട്ടികളെ ചുംബിക്കുക,MOVIE
ഭീഷണി ii സമൂഹം,MOVIE
ആൽബർട്ട് ഹ്യൂസ്,PERSON
1993,YEAR
ലോസ് ഏഞ്ചലസ്,TAGS
സമൂഹം,TAGS
ബ്രയാൻ യുസ്ന,PERSON
മരംകൊണ്ടുള്ള കീത്ത്,PERSON
റിക്ക് ഫ്രൈ,PERSON
ഇവാൻ റിച്ചാർഡ്സ്,PERSON
ബില്ലി വാർലോക്ക്,PERSON
ബെൻ മെയർസൺ,PERSON
devin devasquez,PERSON
1989,YEAR
ശരീര ഭീകരത,TAGS
മരിച്ച കവികളുടെ സമൂഹം,MOVIE
പീറ്റർ വെയർ,PERSON
ടോം ഷുൽമാൻ,PERSON
റോബിൻ വില്യംസ്,TAGS
സ്വന്തം,TAGS
സ്കൂൾ,TAGS
അധ്യാപകൻ,TAGS
കവിത,TAGS
പഠിപ്പിക്കുന്നു,TAGS
ബീജിംഗിൽ നഷ്ടപ്പെട്ടു,MOVIE
ഉയർന്ന സമൂഹം,MOVIE
ചാൾസ് വാൾട്ടേഴ്സ്,PERSON
ഫിലിപ്പ് ബാരി,PERSON
ജോൺ പാട്രിക്,PERSON
ഗ്രേസ് കെല്ലി,TAGS
ഫ്രാങ്ക് സിനാട്ര,TAGS
ബിംഗ് ക്രോസ്ബി,TAGS
ജാസ്,TAGS
സ്വകാര്യ ജീവിതം,MOVIE
സിഡ്നി ഫ്രാങ്ക്ലിൻ,TAGS
ഇരുണ്ട മാലാഖ,MOVIE
പുഞ്ചിരിയോടെ,MOVIE
വിംപോൾ തെരുവിലെ ബാരറ്റുകൾ,MOVIE
നല്ല ഭൂമി,MOVIE
സ്റ്റീവിനെ കുറിച്ച് എല്ലാം,MOVIE
തോമസ് ഹാഡൻ ചർച്ച്,PERSON
വശത്തേക്ക്,MOVIE
കാട്ടിലെ ജോർജ്,MOVIE
മിടുക്കരായ ആളുകൾ,MOVIE
കൊലയാളി ജോ,MOVIE
ഡോൺ മക്കേ,MOVIE
സ്പൈഡർ മാൻ 3,MOVIE
വൈറ്റ്വാഷ്,MOVIE
അനുകരിക്കുക,MOVIE
ഗില്ലെർമോ ഡെൽ ടോറോ,TAGS
പസഫിക് റിം,MOVIE
ക്രോണോസ്,MOVIE
ഹെൽബോയ്,MOVIE
പിശാചിന്റെ നട്ടെല്ല്,MOVIE
അനാഥാലയം,MOVIE
ചട്ടിയുടെ ലാബിരിംത്,MOVIE
ബ്ലേഡ് ii,MOVIE
ഇരുട്ടിനെ പേടിക്കേണ്ട,MOVIE
വാതിലുകൾ,MOVIE
ജിം മോറിസൺ,TAGS
പഴയ ഗ്രിംഗോ,MOVIE
ജിമ്മി സ്മിറ്റ്സ്,PERSON
മഹത്വത്തിന്റെ വില,MOVIE
കുട്ടിയെ അനുഗ്രഹിക്കട്ടെ,MOVIE
മാറുക,MOVIE
ആൺകുട്ടി,MOVIE
ന്യൂസിലാന്റ്,TAGS
കറുത്ത ആടുകൾ,MOVIE
ശാന്തമായ ഭൂമി,MOVIE
ലോകത്തിലെ ഏറ്റവും വേഗതയേറിയ ഇന്ത്യക്കാരൻ,MOVIE
ഫ്ലൈ എവേ ഹോം,MOVIE
സ്വർഗ്ഗീയ ജീവികൾ,MOVIE
പിയാനോ,MOVIE
എന്റെ അച്ഛന്റെ മാളത്തിൽ,MOVIE
മോശം രുചി,MOVIE
അവസാന സമുറായി,MOVIE
അനന്തമായ വേനൽ,MOVIE
പിശാച് എന്നെ ധൈര്യപ്പെടുത്തി,MOVIE
വീട്ടിലേക്ക്,MOVIE
ദുർബലരെ കണ്ടുമുട്ടുക,MOVIE
ഒരിക്കൽ യോദ്ധാക്കൾ,MOVIE
മറന്നുപോയ വെള്ളി,MOVIE
നിഴലിൽ നമ്മൾ എന്താണ് ചെയ്യുന്നത്,MOVIE
തിമിംഗല സവാരി,MOVIE
എന്റെ മേശയിൽ ഒരു മാലാഖ,MOVIE
നദി രാജ്ഞി,MOVIE
പേജ് എട്ട്,MOVIE
ബിൽ അടുത്ത്,TAGS
ഞാൻ കോട്ട പിടിച്ചടക്കുന്നു,MOVIE
മികച്ച എക്സോട്ടിക് ജമന്തി ഹോട്ടൽ,MOVIE
വാൽക്കറി,MOVIE
സമയത്തെക്കുറിച്ച്,MOVIE
"ഞാൻ, ഫ്രാങ്കെൻസ്റ്റീൻ",MOVIE
വന്യമായ ലക്ഷ്യം,MOVIE
ആർതർ ക്രിസ്മസ്,MOVIE
കഫേയിലെ പെൺകുട്ടി,MOVIE
ഒഴുകിപ്പോയി,MOVIE
മനുഷ്യൻ പുഷ് വണ്ടി,MOVIE
രാമിൻ ബഹ്റാനി,TAGS
ചോപ്പ് ഷോപ്പ്,MOVIE
വിട സോളോ,MOVIE
പ്ലാസ്റ്റിക് ബാഗ്,MOVIE
99 വീടുകൾ,MOVIE
ഏത് വിലയിലും,MOVIE
yentl,MOVIE
ബാർബ്ര സ്ട്രീസാൻഡ്,PERSON
വേലിയേറ്റങ്ങളുടെ രാജകുമാരൻ,MOVIE
തമാശയുള്ള പെൺകുട്ടി,MOVIE
കുറ്റബോധ യാത്ര,MOVIE
കണ്ണാടിക്ക് രണ്ട് മുഖങ്ങളുണ്ട്,MOVIE
സാൻഡ്ബോക്സ് മുകളിലേക്ക്,MOVIE
രാത്രി മുഴുവൻ,MOVIE
മൂങ്ങയും പുസി പൂച്ചയും,MOVIE
പരിപ്പ്,MOVIE
ഒരു നക്ഷത്രം ജനിക്കുന്നു,MOVIE
നമ്മൾ എങ്ങനെയായിരുന്നോ,MOVIE
പ്രധാന സംഭവം,MOVIE
"ഹലോ, ഡോളി!",MOVIE
"എന്തു പറ്റി, ഡോക്ടർ?",MOVIE
തമാശക്കാരി,MOVIE
ഗാലക്സിയുടെ കാവൽക്കാർ,MOVIE
ഡേവ് ബൗട്ടിസ്റ്റ,PERSON
ഉദയസൂര്യന്റെ വീട്,MOVIE
എല്ലാ ഭയങ്ങളുടെയും ആകെത്തുക,MOVIE
ജാക്ക് റയാൻ,TAGS
ചുവന്ന ഒക്ടോബറിനായുള്ള വേട്ട,MOVIE
ദേശസ്നേഹ ഗെയിമുകൾ,MOVIE
വ്യക്തമായതും നിലവിലുള്ളതുമായ അപകടം,MOVIE
പൈൻമരങ്ങൾക്കപ്പുറമുള്ള സ്ഥലം,MOVIE
ഡെറെക് സിയാൻഫ്രാൻസ്,TAGS
നീല വാലന്റൈൻ,MOVIE
ദി സോഷ്യൽ നെറ്റ്വർക്ക്,MOVIE
ഡേവിഡ് ഫിഞ്ചർ,TAGS
ആരോൺ സോർകിൻ,TAGS
ബെൻ മെസ്റിച്ച്,PERSON
ജെസ്സി ഐസൻബെർഗ്,TAGS
2010,YEAR
ലൈംഗികത,TAGS
വഞ്ചന,TAGS
ആൻഡ്രൂ ഗാർഫീൽഡ്,TAGS
എഡിറ്റിംഗ്,TAGS
ജസ്റ്റിൻ ടിംബർലേക്ക്,TAGS
നിയമം,MOVIE
ഫേസ്ബുക്ക്,TAGS
സംവിധായകൻ,TAGS
സോഷ്യൽ നെറ്റ്‌വർക്ക്,TAGS
ധീരൻ,MOVIE
എമ്മ തോംസൺ,TAGS
ശീതകാല അതിഥി,MOVIE
ദിവസത്തിന്റെ അവശിഷ്ടങ്ങൾ,MOVIE
നാനി mcphee,MOVIE
പ്രാഥമിക നിറങ്ങൾ,MOVIE
ബുദ്ധി,MOVIE
ഹെൻറി വി,MOVIE
ഇന്ദ്രിയവും സംവേദനക്ഷമതയും,MOVIE
പിതാവിന്റെ പേരിൽ,MOVIE
ഉയരമുള്ള ആൾ,MOVIE
ഹോവാർഡ്സ് അവസാനം,MOVIE
അവസാന അവസരം ഹാർവി,MOVIE
മിസ്റ്റർ രക്ഷിക്കുന്നു. ബാങ്കുകൾ,MOVIE
വീണ്ടും മരിച്ചു,MOVIE
യൂദാസ് ചുംബനം,MOVIE
ഒന്നിനെയും കുറിച്ച് വളരെയേറെ വിഷമം,MOVIE
മരിച്ച മനുഷ്യൻ,MOVIE
ഇഗ്ഗി പോപ്പ്,TAGS
ബില്ലി നുണയൻ,MOVIE
ബ്രിട്ടീഷ് ന്യൂ വേവ്,TAGS
ഒരു തരം സ്നേഹമുള്ള,MOVIE
മതിൽ തെരുവിൽ ആക്രമണം,MOVIE
uwe ബോൾ,PERSON
ഡൊമിനിക് പർസെൽ,PERSON
സാമ്പത്തിക പ്രതിസന്ധി,TAGS
മാർജിൻ കോൾ,MOVIE
വാൾ സ്ട്രീറ്റ്,MOVIE
ഒലിവർ കല്ല്,PERSON
ചാർളി ഷീൻ,TAGS
നല്ലത്,RATE
മൈക്കൽ ഡഗ്ലസ്,TAGS
അത്യാഗ്രഹം,TAGS
മാർട്ടിൻ ഷീൻ,PERSON
ഡാരിൽ ഹന്ന,PERSON
മതിൽ തെരുവിലെ ചെന്നായ,MOVIE
മാർട്ടിൻ സ്കോർസെസ്,TAGS
ടെറൻസ് ശീതകാലം,PERSON
ജോർദാൻ ബെൽഫോർട്ട്,PERSON
ലിയനാർഡോ ഡികാപ്രിയോ,TAGS
മാത്യു മക്കോനാഗെ,TAGS
ജോനാ കുന്ന്,TAGS
മാർഗോട്ട് റോബി,PERSON
റോബ് റെയ്നർ,TAGS
സ്കോർസെസ്,TAGS
ഉയരമുള്ള കഥ,MOVIE
ജെയ്ൻ ഫോണ്ട,TAGS
ജൂലിയ,MOVIE
പാർക്കിൽ നഗ്നപാദനായി,MOVIE
ഏതെങ്കിലും ബുധനാഴ്ച,MOVIE
പൂച്ച ബലൂ,MOVIE
പിറ്റേന്ന് രാവിലെ,MOVIE
വേഗം സൂര്യാസ്തമയം,MOVIE
വൈദ്യുത കുതിരക്കാരൻ,MOVIE
ഒരു കുതിരക്കാരൻ വരുന്നു,MOVIE
ചൈന സിൻഡ്രോം,MOVIE
രാക്ഷസൻ,MOVIE
കാട്ടു വശത്ത് നടക്കുക,MOVIE
മരിച്ചവരുടെ ആത്മാക്കൾ,MOVIE
ഉരുൾപൊട്ടൽ,MOVIE
പിന്തുടരൽ,MOVIE
ചാപ്മാൻ റിപ്പോർട്ട്,MOVIE
സ്വർണ്ണ കുളത്തിൽ,MOVIE
ഞായറാഴ്ച ന്യൂയോർക്കിൽ,MOVIE
എല്ലാവരും ഒരുമിച്ച്,MOVIE
ക്ലൂട്ട്,MOVIE
ഡിക്കിനും ജെയ്നുമൊപ്പമുള്ള രസകരമായ,MOVIE
"അവർ കുതിരകളെ വെടിവയ്ക്കുന്നു, അല്ലേ?",MOVIE
വീട്ടിൽ വരുന്നു,MOVIE
ആഗ്നസ് ഓഫ് ഗോഡ്,MOVIE
ബാർബറല്ല,MOVIE
സമയ തടസ്സത്തിനപ്പുറം,MOVIE
സമയ യാത്ര,TAGS
യാത്ര ചെയ്യുന്ന കളിക്കാർ,MOVIE
തിയോഡോറോസ് ആഞ്ചലോപൗലോസ്,PERSON
1975,YEAR
ഗ്രീക്ക്,LANGUAGE
ചരിത്രം,GENRE
കാട്ടിലേക്ക്,MOVIE
യാത്ര,TAGS
ഗള്ളിവറിന്റെ യാത്രകൾ,MOVIE
കവർച്ചക്കാരൻ,TAGS
ജോനാഥൻ സ്വിഫ്റ്റ്,PERSON
ജാക്ക് കറുപ്പ്,TAGS
ടൈംകോപ്പ്,MOVIE
വായുവിൽ,MOVIE
യാത്ര ചെയ്യുന്ന പാന്റിന്റെ സഹോദരി ബന്ധം,MOVIE
കെൻ ക്വാപിസ്,PERSON
ഡെലിയ എഫ്രോൺ,PERSON
ann brashares,PERSON
അലക്സിസ് ബ്ലെഡൽ,TAGS
അമേരിക്ക ഫെരേര,PERSON
ആമ്പർ ടാംബ്ലിൻ,PERSON
2005,YEAR
ലൂപ്പർ,MOVIE
സഞ്ചാരി,MOVIE
അബ്ബാസ് കിയരോസ്തമി,TAGS
1974,YEAR
മൈക്കൽ ഒബ്ലോവിറ്റ്സ്,PERSON
ജോസഫ് സി. മസ്കറ്റ്,PERSON
ഡിലൻ നീൽ,PERSON
ലാ ജെറ്റി,MOVIE
സള്ളിവന്റെ യാത്രകൾ,MOVIE
പ്രെസ്റ്റൺ സ്റ്റർജുകൾ,TAGS
ജോയൽ മക്ക്രിയ,PERSON
വെറോണിക്ക തടാകം,TAGS
പ്രശസ്തമായ,VOTE
ആക്ഷേപഹാസ്യം,TAGS
ഡേവ് ഫ്ലെഷർ,PERSON
1939,YEAR
ലോക സഞ്ചാരി,MOVIE
ബാർട്ട് ഫ്രണ്ട്ലിച്ച്,PERSON
ബില്ലി ക്രൂഡപ്പ്,PERSON
സമയ സഞ്ചാരിയുടെ ഭാര്യ,MOVIE
റോബർട്ട് ഷ്വെന്റ്കെ,TAGS
ഓഡ്രി നിഫെനെഗർ,PERSON
എറിക് ബാന,TAGS
റേച്ചൽ മക്കാഡംസ്,TAGS
അവസാനമില്ലാത്ത ലോകം,MOVIE
കാലത്തിലൂടെ കുതിച്ച പെൺകുട്ടി,MOVIE
സുരക്ഷ ഉറപ്പില്ല,MOVIE
നക്ഷത്ര ട്രെക്ക്,MOVIE
ട്രാൻസർ,MOVIE
ട്രാവലിംഗ് പാന്റ്സിന്റെ സഹോദരി ബന്ധം 2,MOVIE
സനാ ഹമ്രി,PERSON
ബ്ലേക്ക് സജീവമാണ്,PERSON
2008,YEAR
ബിൽ പാക്സ്റ്റൺ,PERSON
ജൂലിയാന മാർഗുലീസ്,PERSON
1997,YEAR
പ്രൈമർ,MOVIE
റിച്ചാർഡ് ഹാരിസ്,PERSON
1977,YEAR
അമ്മായിയോടൊപ്പം യാത്ര ചെയ്യുന്നു,MOVIE
ജോർജ് കുക്കോർ,PERSON
ഹഗ് വീലർ,PERSON
ഗ്രഹാം ഗ്രീൻ,PERSON
ജയ് പ്രസ്സൻ അലൻ,PERSON
ഭാവി ഭാഗത്തേക്ക് മടങ്ങുക ii,MOVIE
യാത്ര ചെയ്യുന്ന സെയിൽസ്മാൻ,MOVIE
തിമോത്തി ലാൻസോൺ,PERSON
സമയ യാത്രയെ കുറിച്ച് പതിവായി ചോദിക്കുന്ന ചോദ്യങ്ങൾ,MOVIE
gareth carrivick,PERSON
ജാമി മാത്തിസൺ,PERSON
അന്ന ഫാരിസ്,PERSON
chris o'dowd,TAGS
മാർക്ക് വൂട്ടൺ,PERSON
ഡീൻ ലെനോക്സ് കെല്ലി,PERSON
ഭാവി,TAGS
പബ്,TAGS
നക്ഷത്രാന്തരം,MOVIE
ബഹിരാകാശ സഞ്ചാരം,TAGS
ഭാവി ഭാഗത്തേക്ക് മടങ്ങുക iii,MOVIE
ആരാണ് യൂറോപ്പിലെ വലിയ പാചകക്കാരെ കൊല്ലുന്നത്?,MOVIE
ഇവാൻ ലിയോൺസ്,PERSON
ജോർജ്ജ് സെഗാൾ,PERSON
ജാക്വലിൻ ബിസെറ്റ്,PERSON
റോബർട്ട് മോർലി,PERSON
1978,YEAR
നിഗൂഢത,GENRE
ratatouille,MOVIE
ഷെഫുകൾ,TAGS
റൊമാന്റിക് കോമഡി,MOVIE
ഡഡ്ലി മൂർ,PERSON
അവിശ്വസ്തമായി നിങ്ങളുടേത്,MOVIE
അച്ഛനെ പോലെ മകനെ പോലെ,MOVIE
പ്രണയരോഗി,MOVIE
ഭ്രാന്തന്മാർ,MOVIE
ആർതർ,MOVIE
ആറ് ആഴ്ച,MOVIE
മിലോയുടെയും ഓട്ടിസിന്റെയും സാഹസികത,MOVIE
ബാസ്കർവില്ലുകളുടെ വേട്ട നായ,MOVIE
പൂർണ്ണമായും മോസസ്!,MOVIE
മയങ്ങി,MOVIE
മികച്ച പ്രതിരോധം,MOVIE
10,MOVIE
മണിക്കുട്ടിയെ കുറ്റപ്പെടുത്തുക,MOVIE
ഏറ്റുപറച്ചിൽ,MOVIE
1.5,TAGS
രാജകുമാരി റാക്കൂൺ,MOVIE
സെയ്ജുൻ സുസുക്കി,TAGS
ഒരു വേശ്യയുടെ കഥ,MOVIE
കൊല്ലാൻ മുദ്രകുത്തി,MOVIE
ടോക്കിയോ ഡ്രിഫ്റ്റർ,MOVIE
പിസ്റ്റൾ ഓപ്പറ,MOVIE
മാംസ കവാടം,MOVIE
മൃഗത്തിന്റെ യുവത്വം,MOVIE
ചെറിയ ശബ്ദം,MOVIE
മാർക്ക് ഹെർമൻ,PERSON
താമ്രംകൊണ്ടു,MOVIE
പൂർണ്ണമായും ബെൽറ്റർ,MOVIE
നിക്കോളാസും അലക്സാണ്ട്രയും,MOVIE
പാപ്പില്ലൺ,MOVIE
സ്ഫിൻക്സ്,MOVIE
അരുവിയിലെ ദ്വീപുകൾ,MOVIE
പാറ്റൺ,MOVIE
യുദ്ധ പ്രഭു,MOVIE
ബ്രസീലിൽ നിന്നുള്ള ആൺകുട്ടികൾ,MOVIE
ഏറ്റവും നല്ല മനുഷ്യൻ,MOVIE
ടൂറിന്റെ അവസാനം,MOVIE
ജെയിംസ് പോൺസോൾട്ട്,PERSON
തകർത്തു,MOVIE
ഇപ്പോൾ അതിമനോഹരം,MOVIE
ഓഫ് ബ്ലാക്ക്,MOVIE
ഒരു ക്ലോക്ക് വർക്ക് ഓറഞ്ച്,MOVIE
മനഃശാസ്ത്രം,TAGS
സർപ്പവും മഴവില്ലും,MOVIE
ഹെയ്തി,TAGS
തെക്കോട്ട്,MOVIE
ഇരട്ട ആഘാതം,MOVIE
ഷെൽഡൻ ലെറ്റിച്ച്,TAGS
ഉത്തരവ്,MOVIE
ഹാർഡ് കോർപ്സ്,MOVIE
സിംഹഹൃദയം,MOVIE
ശക്തൻ മാത്രം,MOVIE
ഗ്രീൻവിച്ച് ഗ്രാമത്തിലെ പോപ്പ്,MOVIE
സ്റ്റുവർട്ട് റോസൻബെർഗ്,PERSON
വിൻസെന്റ് പാട്രിക്,PERSON
മിക്കി റൂർക്ക്,PERSON
എറിക് റോബർട്ട്സ്,PERSON
ജെറാൾഡിൻ പേജ്,PERSON
കുറ്റകൃത്യം,GENRE
ശബ്ദായമാനമായ ഗ്രാമത്തിലെ കുട്ടികളെ കുറിച്ച് കൂടുതൽ,MOVIE
ലാസ്സെ ഹാൾസ്ട്രോം,PERSON
ആസ്ട്രിഡ് ലിൻഡ്ഗ്രെൻ,PERSON
സ്വീഡിഷ്,LANGUAGE
ആ ഗ്രാമം,MOVIE
എം. രാത്രി ശ്യാമളൻ,TAGS
2004,YEAR
മാനസിക,TAGS
കൾട്ട്,TAGS
ഗ്രാമം,TAGS
ശ്യാമളൻ,TAGS
ഭീമന്മാരുടെ ഗ്രാമം,MOVIE
ബെർട്ട് ഐ. ഗോർഡൻ,PERSON
എച്ച്.ജി. കിണറുകൾ,TAGS
ശബ്ദായമാനമായ ഗ്രാമത്തിലെ കുട്ടികൾ,MOVIE
1986,YEAR
നോയി ദി ആൽബിനോ,MOVIE
നശിച്ചവരുടെ ഗ്രാമം,MOVIE
ചെന്നായ റില്ല,PERSON
ജോൺ വിൻഹാം,PERSON
ജോർജ് സാൻഡേഴ്സ്,PERSON
"അടുത്ത സ്റ്റോപ്പ്, ഗ്രീൻവിച്ച് വില്ലേജ്",MOVIE
പോൾ മസുർസ്കി,PERSON
ഷെല്ലി ശൈത്യകാലം,PERSON
എല്ലെൻ ഗ്രീൻ,PERSON
ലോയിസ് സ്മിത്ത്,PERSON
ലെന്നി ബേക്കർ,PERSON
1976,YEAR
ജോൺ ആശാരി,PERSON
ക്രിസ്റ്റഫർ റീവ്,PERSON
കിർസ്റ്റി ആലി,PERSON
ലിൻഡ കോസ്ലോവ്സ്കി,PERSON
1995,YEAR
വില്ലേജ് ബാർബർഷോപ്പ്,MOVIE
ക്രിസ് ജെ. ഫോർഡ്,PERSON
ജോൺ റാറ്റ്സെൻബെർഗർ,PERSON
ഷെല്ലി കോൾ,PERSON
പ്രപഞ്ചത്തിന്റെ യജമാനന്മാർ,MOVIE
അസ്ഥികൂടം,TAGS
പടിഞ്ഞാറ് ഭാഗത്തെ കഥ,MOVIE
നതാലി വുഡ്,PERSON
പെനിലോപ്പ്,MOVIE
മഹത്തായ വംശം,MOVIE
അവൻ ഉപേക്ഷിച്ച പെൺകുട്ടി,MOVIE
ഈ സ്വത്ത് അപലപിക്കപ്പെട്ടിരിക്കുന്നു,MOVIE
ഡെയ്‌സി ക്ലോവർ ഉള്ളിൽ,MOVIE
നക്ഷത്രം,MOVIE
ശരിയായ അപരിചിതനുമായുള്ള പ്രണയം,MOVIE
രാത്രിയിൽ ഒരു നിലവിളി,MOVIE
ഉൽക്ക,MOVIE
എല്ലാ നല്ല യുവ നരഭോജികളും,MOVIE
34-ആം തെരുവിലെ അത്ഭുതം,MOVIE
പുല്ലിലെ തേജസ്സ്,MOVIE
മസ്തിഷ്കമരണം,MOVIE
മാർജോറി മോർണിംഗ്സ്റ്റാർ,MOVIE
ലൈംഗികതയും അവിവാഹിതയായ പെൺകുട്ടിയും,MOVIE
മരിച്ച മനുഷ്യൻ നടക്കുന്നു,MOVIE
മരണനിര,TAGS
മരണശിക്ഷയിൽ നിന്നുള്ള ഒരു കത്ത്,MOVIE
ബ്രെറ്റ് മൈക്കിൾസ്,PERSON
മാർവിൻ ബേക്കർ,PERSON
ക്രിസ്റ്റി ഗിബ്സൺ,PERSON
1998,YEAR
പച്ച മൈൽ,MOVIE
ദേശീയ നിധി,MOVIE
മേസൺസ്,TAGS
ദാരിദ്ര്യത്തിന്റെ അവസാനം?,MOVIE
കസാന്ദ്ര ക്രോസിംഗ്,MOVIE
കഴിയുമെങ്കിൽ എന്നെ പിടിക്കൂ,MOVIE
ചൈനയുടെ മരണം,MOVIE
ഗോസ്പ,MOVIE
അത്ഭുതകരമായ ചിലന്തി മനുഷ്യൻ,MOVIE
ആ ചാമ്പ്യൻഷിപ്പ് സീസൺ,MOVIE
അവസാന കൗണ്ട്ഡൗൺ,MOVIE
ഒ,MOVIE
ബാഡ്ലാൻഡ്സ്,MOVIE
മുട്ടയിടുക,MOVIE
വഴി,MOVIE
ഗെറ്റിസ്ബർഗ്,MOVIE
പാതയിൽ താമസിക്കുന്ന കൊച്ചു പെൺകുട്ടി,MOVIE
അമേരിക്കൻ പ്രസിഡന്റ്,MOVIE
പ്രഹേളിക,MOVIE
കൊമ്പ് പൊട്ടുമ്പോൾ,MOVIE
ക്രോധം,MOVIE
വിശ്വാസികൾ,MOVIE
ചവറ്റുകുട്ട,MOVIE
അപ്പോക്കലിപ്സ് ഇപ്പോൾ,MOVIE
നക്ഷത്രങ്ങൾക്കപ്പുറം,MOVIE
വീട്ടിൽ യുദ്ധം,MOVIE
ചീത്ത കേൾക്കരുത്,MOVIE
വിഷയം റോസാപ്പൂക്കൾ,MOVIE
കാഡൻസ്,MOVIE
ബെവർലി കുന്നുകളിലെ ചേരികൾ,MOVIE
ജൂത കുടുംബം,TAGS
ഒരു സിവിൽ നടപടി,MOVIE
പരിസ്ഥിതി,TAGS
നിശബ്ദ ഓട്ടം,MOVIE
ഭൂമി നിശ്ചലമായ ദിവസം,MOVIE
ജയ് റോച്ച്,TAGS
പ്രചാരണം,MOVIE
വീണ്ടും എണ്ണുക,MOVIE
ഗോൾഡ്‌മെമ്പറിലെ ഓസ്റ്റിൻ ശക്തികൾ,MOVIE
"മിസ്റ്ററി, അലാസ്ക",MOVIE
ഗെയിം മാറ്റം,MOVIE
ഷ്മക്കുകൾക്കുള്ള അത്താഴം,MOVIE
ഗോസു,MOVIE
തകാഷി മൈക്ക്,TAGS
ബഹുമാനത്തിന്റെ ശ്മശാനം,MOVIE
മരിച്ചതോ ജീവിച്ചിരിക്കുന്നതോ,MOVIE
സീബ്രാമാൻ,MOVIE
യാട്ടർമാൻ,MOVIE
ഓഡിഷൻ,MOVIE
ഏസ് അറ്റോർണി,MOVIE
ചൈനയിലെ പക്ഷി ജനം,MOVIE
തിന്മയുടെ പാഠം,MOVIE
സുകിയാക്കി വെസ്റ്റേൺ ജാംഗോ,MOVIE
നിങ്ങളുടെ മൃതദേഹത്തിന് മുകളിൽ,MOVIE
കടക്കൂരികളുടെ സന്തോഷം,MOVIE
ഒരു മിസ്ഡ് കോൾ,MOVIE
മഹത്തായ യോകൈ യുദ്ധം,MOVIE
കാക്കകൾ പൂജ്യം,MOVIE
ഇസോ,MOVIE
മഴയുള്ള നായ,MOVIE
ഇച്ചി കൊലയാളി,MOVIE
"മഹാവിസ്ഫോടന പ്രണയം, ജുവനൈൽ എ",MOVIE
13 കൊലയാളികൾ,MOVIE
സന്ദർശകൻ q,MOVIE
നഷ്ടപ്പെട്ട ആത്മാക്കളുടെ നഗരം,MOVIE
ബ്ലൂസ് കിന്നരം,MOVIE
ഒരു സ്ത്രീ പടികൾ കയറുമ്പോൾ,MOVIE
മികിയോ നരുസ്,TAGS
പൊങ്ങിക്കിടക്കുന്ന മേഘങ്ങൾ,MOVIE
നിങ്ങളെ കൂടാതെ,MOVIE
റീപാസ്റ്റ്,MOVIE
വൈകിയുള്ള പൂച്ചെടികൾ,MOVIE
മലയുടെ ശബ്ദം,MOVIE
ഡ്രെഡ്,MOVIE
ഒലിവിയ തിർൽബി,PERSON
ഏറ്റവും ഇരുണ്ട മണിക്കൂർ,MOVIE
വക്രത,MOVIE
എന്താണ് ഉയരുന്നത്,MOVIE
ആരും നടക്കുന്നില്ല,MOVIE
വലിയ ആരാധകൻ,MOVIE
മൈക്കൽ റാപ്പപോർട്ട്,PERSON
വെറുതെ പണം,MOVIE
ഉന്നത പഠനം,MOVIE
ഹൈസ്കൂൾ പ്രസിഡന്റിന്റെ കൊലപാതകം,MOVIE
പല്ലവിക്കാരൻ,MOVIE
സീബ്രാഹെഡ്,MOVIE
മോട്ടൽ നരകം,MOVIE
കെവിൻ കോണർ,PERSON
റോറി കാൽഹൗൺ,PERSON
1980,YEAR
മോട്ടൽ,TAGS
മൈക്കൽ കാങ്,PERSON
സൈക്കോ,MOVIE
മോട്ടൽ ജീവിതം,MOVIE
വില്ലി വ്ലൗട്ടിൻ,PERSON
നോഹ ഹാർപ്സ്റ്റർ,PERSON
എമിൽ ഹിർഷ്,PERSON
സ്റ്റീഫൻ ഡോർഫ്,PERSON
200 മോട്ടലുകൾ,MOVIE
ടോണി പാമർ,PERSON
ഫ്രാങ്ക് സപ്പ,PERSON
സംഗീതം,GENRE
നയാഗ്ര മോട്ടൽ,MOVIE
ഗാരി യേറ്റ്സ്,PERSON
മലമുകളിലെ മോട്ടൽ കൂട്ടക്കൊല,MOVIE
ജിം മക്കുല്ലോ ശ്രീ.,PERSON
അന്ന ചാപ്പൽ,PERSON
ബിൽ തർമൻ,PERSON
ഷാവോലിൻ ക്ഷേത്രം,MOVIE
ഡേവിഡ് ചിയാങ്,PERSON
ആയോധന കലകൾ,TAGS
ഷാ സഹോദരന്മാർ,TAGS
ഷാവോലിൻ,MOVIE
ബെന്നി ചാൻ,TAGS
ആൻഡി ലോ,PERSON
ഷാവോലിൻ സോക്കർ,MOVIE
സ്റ്റീഫൻ ചൗ,TAGS
കുങ്ങ്ഫു,TAGS
ഫുട്ബോൾ,TAGS
ഷാവോലിന്റെ പുതിയ ഇതിഹാസം,MOVIE
കോറി യുവൻ,PERSON
ജെറ്റ് ലി,PERSON
1994,YEAR
ഷാവോലിൻ ആയോധന കല,MOVIE
ജ്വലിക്കുന്ന സഡിലുകൾ,MOVIE
ആക്ഷേപഹാസ്യം?,TAGS
ശൃംഖല,MOVIE
നാല് സിംഹങ്ങൾ,MOVIE
ക്രിസ് മോറിസ്,TAGS
നീട്ടി,MOVIE
ed helms,PERSON
ഹാംഗ് ഓവർ,MOVIE
ഹാംഗ് ഓവർ ഭാഗം ii,MOVIE
ഞങ്ങൾ മില്ലുകാർ,MOVIE
ലോറാക്സ്,MOVIE
വീട്ടിൽ താമസിക്കുന്ന ജെഫ്,MOVIE
ഹാംഗ്ഓവർ ഭാഗം iii,MOVIE
പാതിരാത്രിയിലെ കുട്ടികൾ,MOVIE
ദീപ മേത്ത,PERSON
സ്റ്റെല്ല കൊണ്ട് പാചകം,MOVIE
മറന്നുപോയ സ്ത്രീ,MOVIE
വെള്ളം,MOVIE
ഭൂമി,MOVIE
തീ,MOVIE
കാമില,MOVIE
ബോളിവുഡ്/ഹോളിവുഡ്,MOVIE
മനോഹരമായ,TAGS
ഗീക്ക് ആകർഷകമായ,MOVIE
ജെഫ്രി ഹോർണാഡേ,PERSON
റോബിൻ പാമർ,PERSON
എലിസബത്ത് ഹാക്കറ്റ്,PERSON
ഹിലാരി ഗലാനോയ്,PERSON
സാറാ ഹൈലാൻഡ്,PERSON
മാറ്റ് പ്രോകോപ്പ്,PERSON
പട്ടണത്തെക്കുറിച്ചുള്ള മനുഷ്യൻ,MOVIE
മൈക്ക് ബൈൻഡർ,PERSON
കോപത്തിന്റെ തലതിരിഞ്ഞ വശം,MOVIE
ബ്ലാങ്ക്മാൻ,MOVIE
ഇന്ത്യൻ വേനൽക്കാലം,MOVIE
എന്നെ വാഴുക,MOVIE
പാലം കടക്കുന്നു,MOVIE
ഹെറോയിൻ,TAGS
ബാസ്കറ്റ്ബോൾ ഡയറികൾ,MOVIE
യേശുവിന്റെ മകൻ,MOVIE
നായിക,MOVIE
മധുര് ഭണ്ഡാർക്കർ,PERSON
കരീന കപൂർ,PERSON
അർജുൻ രാംപാൽ,PERSON
ഷഹാന ഗോസ്വാമി,PERSON
രൺദീപ് ഹൂഡ,PERSON
ഇതിനർത്ഥം യുദ്ധം,MOVIE
റീസ് വിതർസ്പൂൺ,TAGS
സന്ധ്യ,MOVIE
ഒറ്റരാത്രികൊണ്ട് ഡെലിവറി,MOVIE
രാക്ഷസന്മാർ vs. അന്യഗ്രഹജീവികൾ,MOVIE
ചെളി,MOVIE
നല്ല നുണ,MOVIE
ഫ്രീവേ,MOVIE
ഭയം,MOVIE
സ്വീറ്റ് ഹോം അലബാമ,MOVIE
ക്രൂരമായ ഉദ്ദേശ്യങ്ങൾ,MOVIE
ഒരു ദൂരെ സ്ഥലം,MOVIE
ആനകൾക്ക് വെള്ളം,MOVIE
പ്ലസന്റ്‌വിൽ,MOVIE
പിശാചിന്റെ കെട്ട്,MOVIE
നാല് ക്രിസ്മസ്,MOVIE
നിയമപരമായി സുന്ദരി,MOVIE
നിനക്ക് എങ്ങനെ അറിയാം,MOVIE
കാട്ടു,MOVIE
തിരഞ്ഞെടുപ്പ്,MOVIE
വരി നടക്കുക,MOVIE
എസ്.എഫ്.ഡബ്ല്യു.,MOVIE
ചന്ദ്രനിലെ മനുഷ്യൻ,MOVIE
അവതരണം,MOVIE
അമേരിക്കൻ സൈക്കോ,MOVIE
കുട്ടി,MOVIE
ചാർളി ചാപ്ലിൻ,TAGS
ചാപ്ലിൻ,MOVIE
ആധുനിക കാലം,MOVIE
ലൈംലൈറ്റ്,MOVIE
സ്വർണ്ണ തിരക്ക്,MOVIE
നഗര വിളക്കുകൾ,MOVIE
ഒരു ക്രൂരമായ പ്രണയം,MOVIE
റഷ്യൻ,LANGUAGE
സോളാരിസ്,MOVIE
സൈബീരിയയിലെ ക്ഷുരകൻ,MOVIE
കൊലയാളികൾ,MOVIE
റഷ്യൻ പാവകൾ,MOVIE
സെഡ്രിക് ക്ലാപിഷ്,TAGS
ഇരുണ്ട കണ്ണുകൾ,MOVIE
പുതിയ ബേബിലോൺ,MOVIE
പന്ത്രണ്ട് കസേരകൾ,MOVIE
പാരീസിലേക്കുള്ള ജാലകം,MOVIE
മാൻ വേട്ടക്കാരൻ,MOVIE
റഷ്യൻ റൗലറ്റ്,MOVIE
മേൽക്കൂരയിൽ ഫിഡ്ലർ,MOVIE
viy,MOVIE
ആന്റണി സിമ്മർ,MOVIE
"ക്രുസ്തലിയോവ്, എന്റെ കാർ!",MOVIE
കഥകളുടെ കഥ,MOVIE
യുദ്ധത്തിന് പോകുന്നത് പ്രായമായവർ മാത്രം,MOVIE
ഹഡ്‌സണിലെ മോസ്കോ,MOVIE
12,MOVIE
ലെവിയതൻ,MOVIE
കമാൻഡ് പ്രകടനം,MOVIE
എയർഫോഴ്സ് ഒന്ന്,MOVIE
ഉരുക്ക് മനുഷ്യൻ 2,MOVIE
അമേരിക്കൻ പോപ്പ്,MOVIE
koktebel ലേക്കുള്ള റോഡുകൾ,MOVIE
മത്സ്യകന്യക,MOVIE
എലീന,MOVIE
ബേബിലോൺ എ.ഡി.,MOVIE
വേട്ടക്കാരൻ,MOVIE
ടോപസ്,MOVIE
കുഗ്രാമം,MOVIE
സുരക്ഷിതം,MOVIE
4,MOVIE
വിഡ്ഢികളുടെ വീട്,MOVIE
ചെകുത്താന്റെ പാസ്,MOVIE
കരടിയുടെ ചുംബനം,MOVIE
നാടുകടത്തൽ,MOVIE
ചിറകുകൾ,MOVIE
പിറന്നാൾ പെൺകുട്ടി,MOVIE
രാത്രി കാവൽ,MOVIE
സൂര്യൻ കത്തിച്ചു,MOVIE
പിറ്റർ എഫ്എം,MOVIE
ഉപ്പ്,MOVIE
നീരാളി,MOVIE
മലകളുടെ തടവുകാരൻ,MOVIE
ബ്രാൻഡഡ്,MOVIE
കള്ളൻ,MOVIE
നിശബ്ദ ആത്മാക്കൾ,MOVIE
വന്നു കാണൂ,MOVIE
കണ്ണാടി,MOVIE
സ്റ്റാലിൻഗ്രാഡ്,MOVIE
ചുവപ്പ്,MOVIE
തിരിച്ചുവരവ്,MOVIE
ബൂണ്ടോക്ക് വിശുദ്ധന്മാർ,MOVIE
കാലത്തിന്റെ കടൽ കടന്ന്,MOVIE
നായയുമായി സ്ത്രീ,MOVIE
റഷ്യൻ പാവ,MOVIE
സ്റ്റാവ്റോസ് കസാന്റ്സിഡിസ്,PERSON
ഹ്യൂഗോ നെയ്ത്ത്,TAGS
അമ്മയും മകനും,MOVIE
ഡെർസു ഉസാല,MOVIE
ഹിറ്റ്മാൻ,MOVIE
മൊബിയസ്,MOVIE
ജോർജ്ജ്,MOVIE
പിക്കാസോയുടെ സാഹസികത,MOVIE
ഡേ വാച്ച്,MOVIE
റഷ്യ 88,MOVIE
കാക്ക,MOVIE
സദ്കോ,MOVIE
ചുവപ്പും വെള്ളയും,MOVIE
ഡോക്ടർ ഷിവാഗോ,MOVIE
കിംഗ് ലിയർ,MOVIE
ഏഷ്യയിൽ കൊടുങ്കാറ്റ്,MOVIE
മൂടൽമഞ്ഞിലെ മുള്ളൻപന്നി,MOVIE
കിഴക്കൻ വാഗ്ദാനങ്ങൾ,MOVIE
റഷ്യൻ മാഫിയ,TAGS
ലൂ ലോംബാർഡോ,PERSON
ടോം ആർഡീസ്,PERSON
യുദ്ധമില്ലാതെ ഇരുപത് ദിവസം,MOVIE
ചുവന്ന ചൂട്,MOVIE
തലമുറ പി,MOVIE
റെയ്മണ്ട് കയറ്റുമതി ചെയ്യുന്നു,MOVIE
നിന്ദ്യമായ എന്നെ 2,MOVIE
സ്റ്റീവ് കെയർ,TAGS
പ്രതീക്ഷയുടെ ഉറവകൾ,MOVIE
നിന്ദ്യമായ എന്നെ,MOVIE
വേലിക്ക് മുകളിൽ,MOVIE
ചുരുണ്ട കേസ്,MOVIE
ഹോർട്ടൺ ആരാണെന്ന് കേൾക്കുന്നു!,MOVIE
ഇവാൻ സർവശക്തൻ,MOVIE
യഥാർത്ഥ ജീവിതത്തിൽ ഡാൻ,MOVIE
ചെറിയ മിസ് സൺഷൈൻ,MOVIE
കുറുക്കൻപിടുത്തക്കാരൻ,MOVIE
അലക്സാണ്ടറും ഭയങ്കരവും ഭയങ്കരവും നല്ലതും വളരെ മോശവുമായ ദിവസം,MOVIE
40 വയസ്സുള്ള കന്യക,MOVIE
ഡേറ്റ് നൈറ്റ്,MOVIE
ലോകാവസാനത്തിനായി ഒരു സുഹൃത്തിനെ തേടുന്നു,MOVIE
തിരിച്ചുള്ള വഴി,MOVIE
അവിശ്വസനീയമായ ബർട്ട് അത്ഭുതക്കല്ല്,MOVIE
മിടുക്കനാകൂ,MOVIE
കെർമിറ്റിന്റെ ചതുപ്പ് വർഷങ്ങൾ,MOVIE
ഡേവിഡ് ഗമ്പൽ,PERSON
മപ്പറ്റ് സിനിമ,MOVIE
കെർമിറ്റ്,TAGS
ഗാലക്സിയിലേക്കുള്ള ഹിച്ച്‌ഹൈക്കറിന്റെ വഴികാട്ടി,MOVIE
ഗാർത്ത് ജെന്നിംഗ്സ്,TAGS
ഡഗ്ലസ് ആഡംസ്,TAGS
മൃഗശാല deschanel,TAGS
അലൻ റിക്ക്മാൻ,TAGS
സാം റോക്ക്വെൽ,TAGS
സ്റ്റീഫൻ ഫ്രൈ,TAGS
മാർട്ടിൻ ഫ്രീമാൻ,TAGS
മോസ് ഡെഫ്,TAGS
ഹിച്ച്ഹൈക്കർ,TAGS
സ്വാഭാവികമായി ജനിച്ച കൊലയാളികൾ,MOVIE
മാധ്യമം,TAGS
അടുത്ത കുടുംബം,MOVIE
ജോനാഥൻ കപ്ലാൻ,PERSON
ജെയിംസ് വുഡ്സ്,PERSON
ഗ്ലെൻ അടുത്ത്,PERSON
കോമഡിയിലെ ഹാസ്യനടന്മാർ,MOVIE
മൈക്കൽ ബ്ലീഡൻ,TAGS
ബ്രയാൻ പോസെൻ,TAGS
zach galifianakis,TAGS
പാറ്റൺ ഓസ്വാൾട്ട്,TAGS
മരിയ ബാംഫോർഡ്,PERSON
ഹാസ്യനടന്മാർ,TAGS
മിസ് പ്രാതിനിധ്യം,MOVIE
ട്രൂമാൻ ഷോ,MOVIE
നിഗൂഢമായ ചർമ്മം,MOVIE
പുരുഷ വേശ്യ,TAGS
"കാമം, ജാഗ്രത",MOVIE
വ്യക്തമായ ലൈംഗികത,TAGS
ബാരൺ മഞ്ചൗസന്റെ സാഹസികത,MOVIE
സാറാ പോളി,TAGS
അങ്ങനെ ഒന്നുമില്ല,MOVIE
അവളിൽ നിന്ന് അകലെ,MOVIE
ജലത്തിന്റെ ഭാരം,MOVIE
ഞാനില്ലാത്ത എന്റെ ജീവിതം,MOVIE
ഗിനിവേരെ,MOVIE
ചുറ്റുപാടുകളുടെ നിയമം,MOVIE
മരിച്ചവരുടെ പ്രഭാതം,MOVIE
മിസ്റ്റർ. ആരും,MOVIE
വാക്കുകളുടെ രഹസ്യ ജീവിതം,MOVIE
സ്പ്ലൈസ്,MOVIE
നമ്മൾ പറയുന്ന കഥകൾ,MOVIE
ഈ വാൾട്ട്സ് എടുക്കുക,MOVIE
പോകൂ,MOVIE
കണ്ണുനീർ ഒഴുകുമ്പോൾ,MOVIE
ഒരു ലളിതമായ ജീവിതം,MOVIE
പറക്കുന്ന കഠാരകളുടെ വീട്,MOVIE
നിന്നെ വേണം...,MOVIE
സ്ത്രീകൾക്ക് എന്താണ് വേണ്ടത്,MOVIE
അഗ്നി ദ്വീപ്,MOVIE
സമ്പന്നനും പ്രശസ്തനും,MOVIE
നരകകാര്യങ്ങൾ,MOVIE
പടത്തലവന്മാർ,MOVIE
വന്യമായ ദിവസങ്ങൾ,MOVIE
സമയം തീർന്നു,MOVIE
സമയമില്ലാതെ,MOVIE
ചന്ദ്ര യോദ്ധാക്കൾ,MOVIE
വ്യാളിയുടെ നൂറ്റാണ്ട്,MOVIE
കള്ളന്മാരില്ലാത്ത ലോകം,MOVIE
ഒരു യഥാർത്ഥ ആൾക്കൂട്ട കഥ,MOVIE
കർമ്മത്തിൽ ഓടുന്നത്,MOVIE
മുഴുവൻ സമയ കൊലയാളി,MOVIE
ഭീമന്മാർക്കിടയിൽ,MOVIE
പീറ്റ് പോസ്റ്റ്ലെത്ത്വൈറ്റ്,PERSON
മണ്ടന്മാരുടെ പ്രായം,MOVIE
സാധാരണ സംശയിക്കുന്നവർ,MOVIE
ഇരുണ്ട വെള്ളം,MOVIE
ട്രിഗർമാൻ,MOVIE
സഭാകമ്പം,MOVIE
അലിസ്റ്റർ സിം,TAGS
എന്റെ തോക്ക് വേഗം,MOVIE
മൈക്ക് ഹാമർ,TAGS
എന്നെ മാരകമായി ചുംബിക്കുക,MOVIE
"ഞാൻ, ജൂറി",MOVIE
ഇരുണ്ട ഒരു സ്കാനർ,MOVIE
നിരീക്ഷണം,TAGS
നുണകളുടെ ശരീരം,MOVIE
തൊള്ളായിരത്തി എൺപത്തിനാല്,MOVIE
പരിഭ്രാന്തി മുറി,MOVIE
ipcress ഫയൽ,MOVIE
ചാരവൃത്തി,TAGS
പൾപ്പ് ഫിക്ഷൻ,MOVIE
ക്വെന്റിൻ ടരാന്റിനോ,TAGS
നരകയാത്ര,MOVIE
യഥാർത്ഥ പ്രണയം,MOVIE
ജാക്കി ബ്രൗൺ,MOVIE
റിസർവോയർ നായ്ക്കൾ,MOVIE
നാല് മുറികൾ,MOVIE
ജാങ്കോ അൺചെയിൻഡ്,MOVIE
മരണ തെളിവ്,MOVIE
ഇംഗ്ലോറിയസ് ബാസ്റ്റർഡ്‌സ്,MOVIE
നിങ്ങളുടെ വ്യാളിയെ എങ്ങനെ പരിശീലിപ്പിക്കാം,MOVIE
ജെറാർഡ് ബട്ട്ലർ,TAGS
രാജകുമാരിയും കടൽക്കൊള്ളക്കാരനും,MOVIE
ഡേവിഡ് ബട്ട്ലർ,PERSON
തട്ടിൽ അന്യഗ്രഹജീവികൾ,MOVIE
ഓസ്റ്റിൻ ബട്ട്ലർ,PERSON
സ്വർണ്ണ കമ്മലുകൾ,MOVIE
ഫ്രാങ്ക് ബട്ട്ലർ,PERSON
ഡ്രാക്കുള 2000,MOVIE
അവൻ വഴി മുഴുവൻ ഓടി,MOVIE
ഹ്യൂഗോ ബട്ട്ലർ,PERSON
അമേലിയ,MOVIE
സൂസൻ ബട്ട്ലർ,PERSON
നിങ്ങൾ കണ്ടെത്തും,MOVIE
ഒളിമ്പസ് വീണു,MOVIE
അപകടകരമായ ഭൂമിയിൽ,MOVIE
ജെറാൾഡ് ബട്ട്ലർ,PERSON
തിളങ്ങുന്ന കണ്ണുകൾ,MOVIE
ബട്ട്ലർ,TAGS
ക്യാപ്റ്റൻ ജനുവരി,MOVIE
പച്ച,MOVIE
ജേസൺ ബട്‌ലർ ഹാർണർ,PERSON
സാൻ അന്റോണിയോ,MOVIE
ടൈംലൈൻ,MOVIE
ഓപ്പറയുടെ ഫാന്റം,MOVIE
സൂക്ഷിക്കുന്നതിനായി കളിക്കുന്നു,MOVIE
കാർ,TAGS
മൈക്കൽ ബട്ട്ലർ,PERSON
സീബിസ്കറ്റിന്റെ കഥ,MOVIE
വേക്ക് ഐലൻഡ്,MOVIE
നിങ്ങളുടെ ഡ്രാഗൺ 2 എങ്ങനെ പരിശീലിപ്പിക്കാം,MOVIE
മൊറോക്കോയിലേക്കുള്ള റോഡ്,MOVIE
ചെറിയ കേണൽ,MOVIE
ഏറ്റവും ചെറിയ വിമതൻ,MOVIE
പ്രക്ഷുബ്ധത,MOVIE
റോബർട്ട് ബട്ട്ലർ,PERSON
നിയമം അനുസരിക്കുന്ന പൗരൻ,MOVIE
ബോബ് ദ ബട്ട്ലർ,MOVIE
ടോം പച്ച,PERSON
കുടുംബം,GENRE
ലസ്സി വീട്ടിൽ വരൂ,MOVIE
ഞാൻ നിന്റെ ശവക്കുഴിയിൽ തുപ്പി,MOVIE
സാറാ ബട്ട്ലർ,PERSON
"മെയ്ഡേ 40,000 അടിയിൽ!",MOVIE
നിംസ് ദ്വീപ്,MOVIE
പന്നിത്തോൽ പരേഡ്,MOVIE
ഏപ്രിൽ പാരീസിൽ,MOVIE
വെറുതെ സങ്കൽപ്പിക്കുക,MOVIE
ഗെയിമർ,MOVIE
രണ്ടു പേർക്കുള്ള ചായ,MOVIE
ബട്ട്ലർ യുദ്ധം,MOVIE
ബസ്റ്റർ കീറ്റൺ,TAGS
1926,YEAR
സാൻസിബാറിലേക്കുള്ള റോഡ്,MOVIE
മെഷീൻ ഗൺ പ്രചാരകൻ,MOVIE
300,MOVIE
ക്ഷീരപഥം,MOVIE
വൃത്തികെട്ട സത്യം,MOVIE
ഡ്രോപ്പ് സോൺ,MOVIE
യാൻസി ബട്ട്ലർ,PERSON
നിങ്ങളുടെ ഭാഗ്യ നക്ഷത്രങ്ങൾക്ക് നന്ദി,MOVIE
പ്രിയ ഫ്രാങ്കി,MOVIE
സോദോമും ഗൊമോറയും,MOVIE
ശരത്കാല ഇലകൾ,MOVIE
ഭ്രാന്താലയം,MOVIE
വില്യം ബട്ട്ലർ,PERSON
വലിയ രാത്രി,MOVIE
ജീവിതം പരിശോധിച്ചു,MOVIE
ജൂഡിത്ത് ബട്ട്ലർ,PERSON
വല്ലാത്തൊരു അനുഭൂതിയാണ്,MOVIE
"എഡിസൺ, മനുഷ്യൻ",MOVIE
പമ്പിംഗ് ഇരുമ്പ്,MOVIE
ജോർജ്ജ് ബട്ട്ലർ,PERSON
Rocknrolla,MOVIE
എന്റെ മനുഷ്യൻ ഗോഡ്ഫ്രെ,MOVIE
തീയുടെ ഭരണം,MOVIE
ഔദാര്യ വേട്ടക്കാരൻ,MOVIE
ഷാക്കിൾട്ടണിന്റെ അന്റാർട്ടിക്ക് സാഹസികത,MOVIE
മഴയ്ക്ക് മുമ്പ്,MOVIE
കാട്രിൻ കാർട്ട്ലിഡ്ജ്,PERSON
ഒരു സ്വർണ്ണ കണ്ണിലെ പ്രതിഫലനങ്ങൾ,MOVIE
കാർസൺ മക്കുല്ലറുകൾ,PERSON
വലിയ തവിട്ട് കണ്ണുകൾ,MOVIE
കാരി ഗ്രാന്റ്,PERSON
ദ്വീപ്,TAGS
സ്കാർലെറ്റ് ജോഹാൻസൺ,TAGS
ശ്രദ്ധയോടെ കൈകാര്യം ചെയ്യുക,MOVIE
ജോനാഥൻ ഡെമ്മെ,PERSON
ചെറിയ മത്സ്യകന്യക,MOVIE
പാറ്റ് കരോൾ,PERSON
തുടരുക... ഖൈബർ മുകളിലേക്ക്,MOVIE
ചാൾസ് ഹാട്രി,PERSON
കെന്നത്ത് വില്യംസ്,PERSON
റോയ് കോട്ട,PERSON
ഓപ്പറേഷൻ ഭ്രാന്തൻ പന്ത്,MOVIE
ആർതർ കാർട്ടർ,PERSON
നേരായ ഷൂട്ടിംഗ്,MOVIE
ഹാരി കെറി,PERSON
ഡാന്റെ 01,MOVIE
മാർക്ക് കാരോ,PERSON
മോശമായി ജനിച്ചത്,MOVIE
മൃഗമാസ്റ്റർ,MOVIE
ഡോൺ കോസ്കറെല്ലി,TAGS
കാറുകൾ,TAGS
ജോൺ ലാസെറ്റർ,TAGS
ജോ റാൻഫ്റ്റ്,PERSON
ബോണി വേട്ട,TAGS
ഓവൻ വിൽസൺ,TAGS
പോൾ ന്യൂമാൻ,TAGS
ലാറി കേബിൾ പയ്യൻ,PERSON
2006,YEAR
പിക്സർ,TAGS
pixar ആനിമേഷൻ,TAGS
ജി,TAGS
ടോണി ഷാൽഹൂബ്,TAGS
ആലീസ് ഇൻ വണ്ടർലാൻഡ്,MOVIE
ലൂയിസ് കരോൾ,TAGS
ഭയങ്കരൻ,MOVIE
എഡ്വേർഡ് എഫ്. ക്ലൈൻ,TAGS
1920,YEAR
ചെറുത്,GENRE
2 തലയുള്ള സ്രാവ് ആക്രമണം,MOVIE
കാർമെൻ ഇലക്ട്ര,PERSON
ലാ എസ്ട്രാറ്റെജിയ ഡെൽ കാരക്കോൾ,MOVIE
സെർജിയോ കബ്രെര,PERSON
ഫ്രാങ്ക് റാമിറെസ്,PERSON
ഹംബർട്ടോ ഡൊറാഡോ,PERSON
fausto cabrera,PERSON
ലാ എസ്ട്രാറ്റജിയ ഡെൽ കാരക്കോൾ,MOVIE
രഹസ്യ ഏജന്റ്,MOVIE
മഡ്‌ലൈൻ കരോൾ,PERSON
എന്നെ മറക്കരുത്,MOVIE
കാർലി ഷ്രോഡർ,PERSON
പുലർച്ചെ രോഷം,MOVIE
ജെ. കരോൾ നൈഷ്,PERSON
കാട്ടു ഫലിതം,MOVIE
ഡാനിയൽ കാർണി,PERSON
അരങ്ങ്,MOVIE
സ്റ്റീവ് കാർവർ,PERSON
ആരോ എന്നെ നിരീക്ഷിക്കുന്നു!,MOVIE
ഒൻപത്,MOVIE
മെലിസ മക്കാർത്തി,TAGS
ഓസ്കാർ വൈൽഡിന്റെ പരീക്ഷണങ്ങൾ,MOVIE
കെൻ ഹ്യൂസ്,TAGS
മോണ്ട്ഗോമറി ഹൈഡ്,PERSON
ജോൺ ഫർണൽ,PERSON
ജെയിംസ് മേസൺ,PERSON
പീറ്റർ ഫിഞ്ച്,PERSON
നൈജൽ പാട്രിക്,PERSON
yvonne മിച്ചൽ,PERSON
ഫിറ്റ്സ്കാരാൽഡോ,MOVIE
വെർണർ ഹെർസോഗ്,TAGS
ക്ലോസ് കിൻസ്കി,TAGS
ജർമ്മൻ,LANGUAGE
പെറു,TAGS
അവിടെ ഇല്ലാതിരുന്ന മനുഷ്യൻ,MOVIE
ദ്വീപ് ഡോ. മോറോ,MOVIE
ബാർബറ കരേര,PERSON
ഇലക്ട്രാ ലക്സ്,MOVIE
കാർല ഗുഗിനോ,PERSON
ഉയരങ്ങൾ വഷളാകുന്നു,MOVIE
ചാൾസ് മക്കാർത്തർ,PERSON
സ്റ്റാർക്രാഷ്,MOVIE
കരോലിൻ മൺറോ,PERSON
അന്ധമായ ക്രോധം,MOVIE
ചാൾസ് റോബർട്ട് കാർണർ,PERSON
സ്കാർഫേസ്,MOVIE
ഹോവാർഡ് പരുന്തുകൾ,TAGS
റിച്ചാർഡ് റോസൺ,PERSON
സൈന്യത്തിന്റെ പാത,PERSON
പോൾ മുനി,PERSON
ആൻ ഡ്വോറക്,PERSON
കാരെൻ മോർലി,PERSON
ഓസ്ഗുഡ് പെർകിൻസ്,PERSON
1932,YEAR
ഗുണ്ടാസംഘം,TAGS
രണ്ടാനച്ഛൻ,MOVIE
കരോലിൻ ലെഫ്കോർട്ട്,PERSON
കാർബൈൻ വില്യംസ്,MOVIE
റിച്ചാർഡ് തോർപ്പ്,PERSON
ജെയിംസ് സ്റ്റുവർട്ട്,PERSON
1952,YEAR
ഏഞ്ചലയുടെ ചിതാഭസ്മം,MOVIE
റോബർട്ട് കാർലൈൽ,PERSON
ചുവന്ന അക്ഷരം,MOVIE
wim wenders,PERSON
നതാനിയേൽ ഹത്തോൺ,TAGS
ലൂ കാസ്റ്റൽ,PERSON
സെന്റ ബർഗർ,PERSON
ഹാൻസ് ക്രിസ്ത്യൻ ബ്ലെച്ച്,PERSON
ചുവപ്പിൽ ഏഴ് ഡോളർ,MOVIE
ആൽബെർട്ടോ കാർഡോൺ,PERSON
മാർത്ത,MOVIE
മാർജിറ്റ് കാർസ്റ്റെൻസൻ,PERSON
കാർട്ടർ ജെങ്കിൻസ്,PERSON
മുഖംമൂടി,MOVIE
ജിം കാരി,TAGS
നഗ്ന കാട്,MOVIE
കാൾ സ്റ്റീഫൻസൺ,PERSON
തമാശ മനോഹരമാണ്,MOVIE
കാർലോ വെർഡോൺ,PERSON
ടെക്സാസ് ചെയിൻസോ കൂട്ടക്കൊല 2,MOVIE
കരോലിൻ വില്യംസ്,PERSON
ജ്ഞാനം,MOVIE
veronica cartwright,PERSON
മരിച്ചവരുടെ നൃത്തം,MOVIE
കരിസ്സ കബോബിയാൻകോ,PERSON
വാരാന്ത്യം ബെർണീസ് ii,MOVIE
ആൻഡ്രൂ മക്കാർത്തി,PERSON
മൂടൽമഞ്ഞ്,MOVIE
പേടിച്ച് ഓടുന്നു,MOVIE
പോൾ ഗ്ലിക്ലർ,PERSON
ജഡ്ജി വീണ്ടും പിടിക്കുക,PERSON
ആനി മസെൻറോ,PERSON
കെൻ വാൽ,PERSON
കാർലോസ് എസ്ക്വറ,PERSON
മാരകമായ സഹജാവബോധം,MOVIE
കാൾ റെയ്നർ,PERSON
ആരെങ്കിലും ബാരിയെ വിവാഹം കഴിക്കുന്നു,MOVIE
ഹെയ്‌സ് മക്കാർത്തർ,PERSON
ക്ലാസ്,MOVIE
ലൂയിസ് ജോൺ കാർലിനോ,PERSON
നീ തനിച്ചാണെന്ന് അവനറിയാം,MOVIE
ഡോൺ സ്കാർഡിനോ,PERSON
മാർത്തയുടെ കാര്യങ്ങൾ,MOVIE
റിച്ചാർഡ് കാൾസൺ,PERSON
ഞാൻ അലറി വിളിച്ചു,MOVIE
കരോൾ ലാൻഡീസ്,PERSON
നിങ്ങൾക്ക് വളരെ മനോഹരം,MOVIE
കരോൾ പൂച്ചെണ്ട്,PERSON
കോൺസ്റ്റന്റൈന്റെ വാൾ,MOVIE
ജെയിംസ് കരോൾ,PERSON
കാർലയുടെ പാട്ട്,MOVIE
കെൻ ലോച്ച്,PERSON
പോൾ ലാവർട്ടി,PERSON
ഒയാങ്ക കാബേസാസ്,PERSON
1996,YEAR
യുദ്ധം,TAGS
l.a-ലേക്ക് സ്വാഗതം.,MOVIE
കീത്ത് കരാഡിൻ,PERSON
പാറക്കെട്ട് iii,MOVIE
കാൾ കാലാവസ്ഥ,TAGS
ഏറ്റവും അക്രമാസക്തമായ വർഷം,MOVIE
ഓസ്കാർ ഐസക്ക്,TAGS
സിഗ്നൽ,MOVIE
കാർലൈൽ യൂബാങ്ക്,PERSON
ഗ്ലെൻ ഫിക്കാറ,PERSON
എന്റെ കാമുകിയുടെ കാമുകൻ,MOVIE
കരോൾ കെയ്ൻ,PERSON
ഫാന്റസം,MOVIE
അൽ പാസിനോ,TAGS
ജീൻ ഹാക്ക്മാൻ,TAGS
മനുഷ്യ ശബ്ദം നമ്മെ ഉണർത്തും വരെ,MOVIE
ഹവാനയിൽ വാരാന്ത്യം,MOVIE
കാർമെൻ മിറാൻഡ,PERSON
റോബർട്ട് കാർസൺ,PERSON
ഡിസ്കോ ഗോഡ്ഫാദർ,MOVIE
കരോൾ വേഗത,PERSON
പീഡിപ്പിക്കപ്പെട്ടു,MOVIE
ലിസ പിക്കാർഡ് പ്രശസ്തമാണ്,MOVIE
ഗ്രിഫിൻ ഡൺ,PERSON
ലോറ കിർക്ക്,PERSON
നാറ്റ് ഡീവോൾഫ്,PERSON
ഡാനിയൽ ലണ്ടൻ,PERSON
സ്പാർട്ടനുകളെ കണ്ടുമുട്ടുക,MOVIE
ജഡ്ജി ഡ്രെഡ്,MOVIE
ലാ മുജെർ ഡി മി ഹെർമാനോ,MOVIE
റിക്കാർഡോ ഡി മോൺട്രൂയിൽ,PERSON
മനോലോ കാർഡോണ,PERSON
ജനുവരിയുടെ രണ്ട് മുഖങ്ങൾ,MOVIE
കാൽവിരലുകളിൽ മണികൾ,MOVIE
ഏണസ്റ്റൈൻ ഗിൽബ്രെത്ത് കാരി,PERSON
വന്യമായ എന്തോ,MOVIE
കരോൾ ബേക്കർ,PERSON
ഭയപ്പെടുത്തുന്ന സിനിമ,MOVIE
കീനൻ ആനക്കൊമ്പ് വഴികൾ,TAGS
മർലോൺ വയൻസ്,PERSON
ഷോൺ വയൻസ്,PERSON
പാരഡി,TAGS
ഇരുട്ടിന്റെ രാജകുമാരൻ,MOVIE
ഇരുപതാം നൂറ്റാണ്ട്,MOVIE
കരോൾ ലോംബാർഡ്,PERSON
ബോർഡോയിലെ ഗോയ,MOVIE
കാർലോസ് സൗറ,PERSON
നീല ഡെനിം,MOVIE
മക്ഡൊണാൾഡ് കാരി,PERSON
കരോൾ ലിൻലി,PERSON
മരണത്തിന്റെ ചുംബനം,MOVIE
ഡേവിഡ് കരുസോ,PERSON
വലിയ കരുസോ,MOVIE
വില്യം ലുഡ്വിഗ്,PERSON
മരിയോ ലാൻസ,PERSON
ജീവചരിത്രം,GENRE
ചന്ദ്രനിൽ മനുഷ്യൻ,MOVIE
തൊണ്ണൂറുകളിലെ സുന്ദരി,MOVIE
ലിയോ മക്കറി,PERSON
ആത്മാർത്ഥതയുടെ പ്രാധാന്യം,MOVIE
ഓസ്കാർ വൈൽഡ്,PERSON
പെന്നി സെറിനേഡ്,MOVIE
കറുത്ത ക്രോധം,MOVIE
കാൾ എറിക്സൺ,PERSON
മഹാ ശാന്തിനി,MOVIE
കാർനെഗീ ഹാൾ,MOVIE
സീന ഓവൻ,PERSON
വില്യം രാജകുമാരൻ,PERSON
മാർഷ വേട്ട,PERSON
1947,YEAR
ഹന്നയും അവളുടെ സഹോദരിമാരും,MOVIE
കാരി ഫിഷർ,PERSON
ലോയ്ഡ്സ് ഓഫ് ലണ്ടൻ,MOVIE
കളിക്കാൻ രാജ്ഞി,MOVIE
കരോലിൻ ബോട്ടാരോ,PERSON
അയൺവീഡ്,MOVIE
സാഹോദര്യം,MOVIE
ഇരുട്ടിൽ വിസിൽ,MOVIE
എഡ്വേർഡ് ചൈൽഡ് ആശാരി,PERSON
അന്യഗ്രഹ ചരക്ക്,MOVIE
ജേസൺ ലണ്ടൻ,PERSON
മിസ്സി ക്രൈഡർ,PERSON
എലിസബത്ത് അലക്സാണ്ടർ,PERSON
അജ്ഞാതം,VOTE
അപ്പാർട്ട്മെന്റ് 143,MOVIE
കാർലെസ് ടോറൻസ്,PERSON
വിചിത്ര മനുഷ്യൻ പുറത്ത്,MOVIE
കരോൾ റീഡ്,TAGS
ചെയ്യേണ്ട പട്ടിക,MOVIE
മാഗി കേറി,PERSON
തൊഴിൽ അവസരങ്ങൾ,MOVIE
ബ്രയാൻ ഗോർഡൻ,PERSON
ജോൺ ഹ്യൂസ്,PERSON
ജെന്നിഫർ കോണലി,TAGS
ഫ്രാങ്ക് തിമിംഗലം,PERSON
1991,YEAR
ശ്രദ്ധയോടെ,MOVIE
പയ്യൻ മാഡിൻ,TAGS
1992,YEAR
മേലങ്കി ധരിച്ച മനുഷ്യൻ,MOVIE
ജോൺ ഡിക്സൺ കാർ,PERSON
ലെസ്ലി കരോൺ,PERSON
കേന്ദ്ര ഘട്ടം,MOVIE
കരീന ലോ,PERSON
ലണ്ടനിലെ വിശുദ്ധൻ,MOVIE
ജോൺ പാഡി കാർസ്റ്റെയർ,PERSON
ഭൂമിയുടെ കേന്ദ്രത്തിൽ,MOVIE
ഇതാ വരുന്നു പിശാച്,MOVIE
ലോറ കാരോ,PERSON
അക്ഷരത്തെറ്റ്,MOVIE
ലിയോ ജി. കരോൾ,PERSON
ടൂർണമെന്റ്,MOVIE
ചു ചിൻ ചൗ,MOVIE
ഓസ്കാർ ആഷെ,PERSON
നിന്ദ്യനായ എന്നെ 2,MOVIE
വാഷിംഗ്ടൺ സ്ക്വയർ,MOVIE
കരോൾ ഡോയൽ,PERSON
riff-raff,MOVIE
ഫാന്റം വണ്ടി,MOVIE
വിക്ടർ സ്ജോസ്ട്രോം,PERSON
selma lagerlöf,PERSON
ആസ്ട്രിഡ് ഹോം,PERSON
സ്വെൻബെർഗിനെ കീറി,PERSON
ഹിൽഡ ബോർഗ്സ്ട്രോം,PERSON
1921,YEAR
മാനദണ്ഡം,TAGS
വിമുഖനായ വിശുദ്ധൻ,MOVIE
റിക്കാർഡോ മോണ്ടൽബാൻ,PERSON
മനുഷ്യൻ,MOVIE
കാൾ ബ്രിസൺ,PERSON
വിലയേറിയ,MOVIE
മരിയ കേറി,TAGS
മരീചിക,MOVIE
കെവിൻ മക്കാർത്തി,PERSON
ഡൗൺ അർജന്റീന വഴി,MOVIE
കുറുക്കുവഴികൾ,MOVIE
റെയ്മണ്ട് കൊത്തുപണി,PERSON
മറിഞ്ഞു,MOVIE
മദ്‌ലൈൻ കരോൾ,PERSON
മൂന്നാമത്തെ മനുഷ്യൻ,MOVIE
ടോബോർ ദി ഗ്രേറ്റ്,MOVIE
കാൾ ഡഡ്ലി,PERSON
വിവേകശൂന്യമായ,MOVIE
ഭയപ്പെടുത്തുന്ന സിനിമ 2,MOVIE
താക്കോൽ,MOVIE
പ്രണയവും അരാജകത്വവും,MOVIE
ജിയാൻകാർലോ ജിയാനിനി,PERSON
Lemony snicket നിർഭാഗ്യകരമായ സംഭവങ്ങളുടെ ഒരു പരമ്പര,MOVIE
ക്വിഡ് പ്രോ ക്വോ,MOVIE
കാർലോസ് ബ്രൂക്ക്സ്,PERSON
പുറത്ത് വരുന്നു,MOVIE
ഹൈനർ കാറോ,PERSON
ഫ്ലക്ക്,MOVIE
കാർലോ കാർലെയ്,PERSON
ലക്ഷ്യസ്ഥാനം ടോക്കിയോ,MOVIE
മേഖല 39,MOVIE
കരോലിൻ ബോക്ക്,PERSON
ഒന്ന്,MOVIE
മൈക്കിന്റെ പുതിയ കാർ,MOVIE
പീറ്റ് ഡോക്ടർ,PERSON
ബ്ലാക്ക് പവർ മിക്സ്‌ടേപ്പ് 1967-1975,MOVIE
സ്റ്റോക്ക്ലി കാർമൈക്കൽ,PERSON
മാലാഖയും ചീത്ത മനുഷ്യനും,MOVIE
സംരക്ഷകൻ,MOVIE
കാരി ലോവെൽ,PERSON
വൈൽഡ് കാർഡ്,MOVIE
സൈമൺ വെസ്റ്റ്,PERSON
വില്യം ഗോൾഡ്മാൻ,PERSON
ജേസൺ സ്റ്റാതം,PERSON
മൈക്കൽ അംഗറാനോ,PERSON
കുഞ്ഞിനെ വളർത്തുന്നു,MOVIE
പ്രണയം,GENRE
കരോലിൻ ഡ്യൂസി,PERSON
ലാപ് ഡാൻസ്,MOVIE
ഗ്രെഗ് കാർട്ടർ,PERSON
ഷൂട്ടിംഗ്,MOVIE
കരോൾ ഈസ്റ്റ്മാൻ,PERSON
പാലങ്ങൾക്ക് താഴെ,MOVIE
കാൾ റാഡാറ്റ്സ്,PERSON
ഞാൻ ഒരു പുരുഷ യുദ്ധ വധുവായിരുന്നു,MOVIE
ഏണസ്റ്റ് പേടിച്ചു വിഡ്ഢി,MOVIE
ജോൺ ആർ. ചെറി iii,PERSON
ജിം വാർണി,PERSON
മണ്ടൻ,TAGS
ഹാലോവീൻ,TAGS
ട്രോളുകൾ,TAGS
കാർമിന അല്ലെങ്കിൽ പൊട്ടിത്തെറിക്കുക,MOVIE
പാക്കോ ലിയോൺ,PERSON
paco casaus,PERSON
കാർമിന ബാരിയോസ്,PERSON
മരിയ ലിയോൺ,PERSON
ഭീമൻ,MOVIE
വെള്ളപ്പൊക്കം,MOVIE
ഇടതുവശത്തുള്ള അവസാനത്തെ വീട്,MOVIE
കാൾ എല്സ്വർത്ത്,PERSON
നുഴഞ്ഞുകയറ്റക്കാർ,MOVIE
ജുവാൻ കാർലോസ് ഫ്രെസ്നാഡില്ലോ,PERSON
കൊമ്പുള്ള യുവാവ്,MOVIE
കാൾ ഫോർമാൻ,PERSON
ഹോഗി കാർമൈക്കൽ,PERSON
ചരിത്രം സൃഷ്ടിച്ചത് രാത്രിയിൽ,MOVIE
ലിയോ കാരില്ലോ,PERSON
അവളുടെ,MOVIE
തെറ്റ് ശരി,MOVIE
ചാൾസ് മക്കറി,PERSON
ശുദ്ധമായ സ്ലേറ്റ്,MOVIE
ഡാന കാർവി,TAGS
റോളണ്ട് ജോഫ്,PERSON
റോബർട്ട് ഡ്യുവൽ,PERSON
ഡെമി മൂർ,PERSON
പനാമയുടെ തയ്യൽക്കാരൻ,MOVIE
ജോൺ ലെ കാരേ,PERSON
നീല ജ്യൂസ്,MOVIE
കാൾ പ്രീചെസർ,PERSON
പുലർച്ചെ ജനറൽ മരിച്ചു,MOVIE
കാരി,MOVIE
ബ്രയാൻ ഡി പാൽമ,TAGS
സ്റ്റീഫൻ രാജാവ്,TAGS
ലോറൻസ് ഡി. കോഹൻ,PERSON
സിസ്സി സ്പേസ്ക്ക്,TAGS
പൈപ്പർ ലോറി,TAGS
ആമി ഇർവിംഗ്,PERSON
വില്യം കാറ്റ്,PERSON
സുഹൃത്ത്,MOVIE
കരോലിൻ തോംസൺ,PERSON
ജെയ്ൻ ഐർ,MOVIE
കാരി ഫുകുനാഗ,TAGS
ബെറ്റി ലൂവിന്റെ ഹാൻഡ്ബാഗിലെ തോക്ക്,MOVIE
ഗ്രേസ് കാരി ബിക്ക്ലി,PERSON
രണ്ടു ശ്രീമതി. കരോളുകൾ,MOVIE
പീറ്റർ ഗോഡ്ഫ്രെ,PERSON
തോമസ് ജോലി,PERSON
മാർട്ടിൻ വേൽ,PERSON
ഹംഫ്രി ബൊഗാർട്ട്,PERSON
ബാർബറ സ്റ്റാൻവിക്ക്,PERSON
അലക്സിസ് സ്മിത്ത്,PERSON
കറുത്ത ഉറക്കം,MOVIE
ജോൺ കരാഡിൻ,PERSON
മറ്റ് സ്ത്രീകളുമായുള്ള സംഭാഷണങ്ങൾ,MOVIE
വേനൽക്കാല സ്കൂൾ,MOVIE
രാത്രി വീഴുന്നതിന് മുമ്പ്,MOVIE
ലാസാരോ ഗോമസ് കാരിലെസ്,PERSON
പിടിവാശി,MOVIE
ജോർജ്ജ് കാർലിൻ,PERSON
ട്രാൻസിൽവാനിയ 6-5000,MOVIE
ഹാലോവീൻ,MOVIE
q,MOVIE
ഡേവിഡ് കരാഡിൻ,PERSON
ഒരു ക്രിസ്മസ് കരോൾ,MOVIE
ചാൾസ് ഡിക്കൻസ്,TAGS
ഫാന്റസി,GENRE
ക്ലാസിക്,TAGS
ക്രിസ്മസ്,TAGS
പ്രേതങ്ങൾ,TAGS
സ്ക്രൂജ്,TAGS
എബെനെസർ സ്ക്രൂജ്,TAGS
ഏറ്റവും പ്രായം കുറഞ്ഞ തൊഴിൽ,MOVIE
ജോൺ കരോൾ,PERSON
നാഡീവ്യൂഹത്തിന്റെ വക്കിലുള്ള സ്ത്രീകൾ,MOVIE
കാർമെൻ മൗറ,PERSON
ആഴ്സനിക്കും പഴയ ലേസും,MOVIE
ജാക്ക് കാർസൺ,PERSON
സ്വിസ് കുടുംബം റോബിൻസൺ,MOVIE
ജെയിംസ് മക്കാർത്തർ,PERSON
ഒരിക്കലും മുഷിഞ്ഞ നിമിഷം,MOVIE
aj carothers,PERSON
ടോക്കിയോ!,MOVIE
ലിയോസ് കാരക്സ്,TAGS
സിൽവിയ സ്കാർലറ്റ്,MOVIE
കോംപ്റ്റൺ മക്കെൻസി,PERSON
കാതറിൻ ഹെപ്ബേൺ,PERSON
1935,YEAR
റോബർട്ട് കാർമൈക്കിളിന്റെ മഹത്തായ ആനന്ദം,MOVIE
തോമസ് കളിമണ്ണ്,PERSON
സ്വെറ്റ്‌ലാന കർമ്മലിത,PERSON
ജോസഫ് ബ്രോഡ്സ്കി,PERSON
ഒരു ചെറിയ രാത്രി സംഗീതം,MOVIE
ലെൻ കരിയോ,PERSON
ഉംബർട്ടോ ഡി.,MOVIE
കാർലോ ബാറ്റിസ്റ്റി,PERSON
ചെറിയ ചൈനയിൽ വലിയ കുഴപ്പം,MOVIE
മരിച്ച മനുഷ്യർ നടക്കുന്നു,MOVIE
മേരി കാർലിസ്ലെ,PERSON
രണ്ടാനച്ഛൻ ii,MOVIE
മാർലോ,MOVIE
കരോൾ ഒ'കോണർ,PERSON
മാലാഖമാർ ചവിട്ടാൻ ഭയപ്പെടുന്നിടത്ത്,MOVIE
റൊമാന്റിക്സ് അജ്ഞാതൻ,MOVIE
ഇസബെല്ലെ കാരേ,PERSON
തമ്മിലുള്ള മനുഷ്യൻ,MOVIE
കഴുകനും പരുന്തും,MOVIE
സന്ദർശകൻ,MOVIE
തോമസ് മക്കാർത്തി,TAGS
5 കാർഡ് സ്റ്റഡ്,MOVIE
ഹെൻറി ഹാത്ത്വേ,PERSON
മാർഗറൈറ്റ് റോബർട്ട്സ്,PERSON
റേ ഗൗൾഡൻ,PERSON
റോബർട്ട് മിച്ചം,PERSON
ഡീൻ മാർട്ടിൻ,PERSON
പടിഞ്ഞാറൻ,GENRE
ജയം വിജയം,MOVIE
ഞങ്ങൾ വസ്ത്രം ധരിക്കുന്നില്ല,MOVIE
സമുറായി പുനർജന്മം,MOVIE
കിഞ്ചി ഫുകസാകു,PERSON
കിഞ്ചി ഫുകാസകു,PERSON
1981,YEAR
ജാപ്പനീസ്,LANGUAGE
സമുറായി,TAGS
അവധി,MOVIE
സ്വർഗ്ഗം ഞങ്ങളെ സഹായിക്കൂ,MOVIE
ഡോറിയൻ ഗ്രേ,MOVIE
വിദ്വേഷം,MOVIE
കാൾ ഗോട്ട്ലീബ്,PERSON
നീല നഗരം,MOVIE
കാരിംഗ്ടൺ,MOVIE
ക്രിസ്റ്റഫർ ഹാംപ്ടൺ,PERSON
മൈക്കൽ ഹോൾറോയിഡ്,PERSON
ചിത്രകാരൻ,TAGS
സ്ട്രിപ്പ്ടീസ്,MOVIE
കാൾ ഹിയാസെൻ,PERSON
കീത്ത്,MOVIE
റോൺ കാൾസൺ,PERSON
ജെസ്സി മക്കാർട്ട്നി,PERSON
ഒരിക്കൽ കടിച്ചു,MOVIE
ടാമി,MOVIE
നക്ഷത്രം 80,MOVIE
തെരേസ ആശാരി,PERSON
പ്രണയബന്ധം,MOVIE
ഗ്ലെൻ ഗോർഡൻ കാരോൺ,PERSON
പരിസരത്ത് ആക്രമണം 13,MOVIE
ഏഴ് സുന്ദരികൾ,MOVIE
സെഷൻ 9,MOVIE
മിസ്റ്റർ ജോൺസൺ,MOVIE
ജോയ്സ് കാരി,PERSON
ഹൃദയം ഒരു ഏകാന്ത വേട്ടക്കാരനാണ്,MOVIE
പക്ഷെ എനിക്കല്ല,MOVIE
ഭൂമിയിലെ പെൺകുട്ടികൾ എളുപ്പമാണ്,MOVIE
ആഗ്രഹം എന്ന് പേരിട്ടിരിക്കുന്ന ഒരു സ്ട്രീറ്റ്കാർ,MOVIE
ഏലിയ കസാൻ,TAGS
ടെന്നസി വില്യംസ്,TAGS
ഓസ്കാർ സാൾ,PERSON
മർലോൺ ബ്രാൻഡോ,TAGS
കാൾ മാൾഡൻ,TAGS
വിവിയൻ ലീ,TAGS
സ്റ്റേജ്,TAGS
ഫ്രാങ്കെൻസ്റ്റീന്റെ വീട്,MOVIE
കരിയർ,MOVIE
ജോസഫ് ആന്റണി,TAGS
ഡാൽട്ടൺ ട്രംബോ,PERSON
ജെയിംസ് ലീ,PERSON
ബെർട്ട് ഗ്രാനറ്റ്,PERSON
ഡസനോളം വിലകുറഞ്ഞ,MOVIE
ഓടുന്ന മനുഷ്യന്റെ രാത്രി,MOVIE
കരോൾ തെരുവിലെ വീട്,MOVIE
പീറ്റർ യേറ്റ്സ്,PERSON
ജെഫ് ഡാനിയേൽസ്,PERSON
കെല്ലി മക്ഗില്ലിസ്,PERSON
മാൻഡി പാറ്റിങ്കിൻ,PERSON
ജെസീക്ക ടാൻഡി,PERSON
1988,YEAR
മരണത്തോടൊപ്പമുള്ള നിയമനം,MOVIE
പടിഞ്ഞാറ് എങ്ങനെ വിജയിച്ചു,MOVIE
കരോലിൻ ജോൺസ്,PERSON
കഴിയും മിസ്റ്റർ. സ്മിത്ത് ഇനി വാഷിംഗ്ടണിൽ എത്തുമോ?,MOVIE
റസ് കാർനഹാൻ,PERSON
റാമ്പേജ്,MOVIE
അലക്സ് മക്കാർത്തൂർ,PERSON
ഊമയും ഊമയും വരെ,MOVIE
ചുറ്റിക,MOVIE
ആദം കരോള,PERSON
രാജകുമാരി കടന്നു വരുന്നു,MOVIE
ഭയപ്പെടുത്തുന്ന സിനിമ 3,MOVIE
ഡേവിഡ് സുക്കർ,TAGS
2003,YEAR
എന്റെ ശബ്ദം മുറിഞ്ഞ വർഷം,MOVIE
ഏകാന്ത കാർമെൻ,PERSON
അച്ഛൻ ഗോസ്,MOVIE
അന്തസ്സ്,MOVIE
അമ്മാവൻ നിനോ,MOVIE
പിയറിനോ മസ്കറിനോ,PERSON
മരുമകൻ,MOVIE
പോൾ മാർക്കറെല്ലി,PERSON
കോംപാഗ്നി ഡി സ്കുവോള,MOVIE
മരണ വേട്ട,MOVIE
രാജ്യം,MOVIE
മാത്യു മൈക്കൽ കാർനഹാൻ,PERSON
നീലത്താടി,MOVIE
വീണ്ടും ആരംഭിക്കുക,MOVIE
ജോൺ കാർണി,TAGS
മഹത്വത്തിന് ബന്ധിതനായി,MOVIE
എനിക്ക് സുഖമാണ് ജാക്ക്,MOVIE
അയാൻ കാർമൈക്കൽ,PERSON
കാന്തിക രാക്ഷസൻ,MOVIE
നീചന്മാർക്കുള്ള സ്കൂൾ,MOVIE
ചെറിയ മരത്തിന്റെ വിദ്യാഭ്യാസം,MOVIE
ഫോറസ്റ്റ് കാർട്ടർ,PERSON
കാരവാജിയോ,MOVIE
ഡെറെക് ജാർമാൻ,PERSON
വാഗൺ മാസ്റ്റർ,MOVIE
ഹാരി കെറി ജൂനിയർ,PERSON
വീണ വിഗ്രഹം,MOVIE
ഭൂതോച്ചാടകൻ,MOVIE
ഭീതിദമാണ്,TAGS
ട്രപ്പീസ്,MOVIE
വുഡ്കാർവർ സ്റ്റൈനറുടെ മഹത്തായ ആനന്ദം,MOVIE
വാൾട്ടർ സ്റ്റൈനർ,PERSON
ബുദ്ധിയുള്ള പെൺകുട്ടികൾ,MOVIE
ന്യൂയോർക്കിൽ നിന്ന് രക്ഷപ്പെടുക,MOVIE
ആളുകൾ സംസാരിക്കും,MOVIE
"ബിയാൻകോ, റോസോ ഇ വെർഡോൺ",MOVIE
സെൻട്രൽ ഹൈസിൽ കൂട്ടക്കൊല,MOVIE
റോബർട്ട് കരാഡിൻ,PERSON
ഹിമയുഗം,MOVIE
കാർലോസ് സൽദാഹ,TAGS
ബെഡ്ഫോർഡ് സംഭവം,MOVIE
സ്നിച്ച് കാർട്ടൽ,MOVIE
കാർലോസ് മോറേനോ,PERSON
"എന്നെ അനുഗ്രഹിക്കണമേ, അന്തിമ",MOVIE
കാൾ ഫ്രാങ്ക്ലിൻ,TAGS
ക്രോസിംഗ്,MOVIE
സ്റ്റീവൻ മക്കാർത്തി,PERSON
വെയ്ൻ ക്രാമർ,PERSON
പോൾ വാക്കർ,TAGS
കരോലിൻ?,MOVIE
ജോസഫ് സാർജന്റ്,PERSON
പമേല ഞാങ്ങണ,PERSON
ജോർജ് ഗ്രിസാർഡ്,PERSON
സ്റ്റെഫാനി സിംബലിസ്റ്റ്,PERSON
1990,YEAR
സുസി,MOVIE
നിനക്ക് പേടിയുണ്ടോ?,MOVIE
ആൻഡി ഹർസ്റ്റ്,PERSON
കാർലീ എവർസ്,PERSON
ബ്രാഡ് ആഷ്ടെൻ,PERSON
വാർസോ പാലം,MOVIE
കാർലെസ് സാന്റോസ്,PERSON
യന്ത്രം,MOVIE
കാരഡോഗ് ഡബ്ല്യു. ജെയിംസ്,PERSON
സ്കാർലറ്റ് പിമ്പർനെൽ,MOVIE
ഹരോൾഡ് യുവ,PERSON
റെയ്മണ്ട് മാസ്സി,PERSON
ലെസ്ലി ഹോവാർഡ്,TAGS
മെർലെ ഒബറോൺ,PERSON
1934,YEAR
അപകടങ്ങൾ സംഭവിക്കുന്നു,MOVIE
ബ്രയാൻ കാർബി,PERSON
മുൻ പേജ്,MOVIE
സ്കരാമൗച്ചെ,MOVIE
ജോർജ് സിഡ്നി,TAGS
ജോർജ് ഫ്രോഷൽ,PERSON
റാഫേൽ സബാറ്റിനി,PERSON
റൊണാൾഡ് മില്ലർ,PERSON
ജാനറ്റ് ലീ,PERSON
എലീനർ പാർക്കർ,PERSON
മെൽ ഫെറർ,PERSON
സ്റ്റുവർട്ട് ഗ്രാൻഗർ,PERSON
ഞങ്ങൾ പോകുന്നു,MOVIE
കാർമെൻ ഇജോഗോ,PERSON
സ്കൂബി-ഡൂ,MOVIE
ലിൻഡ കാർഡല്ലിനി,PERSON
ഹാസചിതം,TAGS
പോസ്റ്റ് ടെനെബ്രാസ് ലക്സ്,MOVIE
കാർലോസ് റെയ്ഗദാസ്,PERSON
ഓർക്കാൻ ഒരു കാര്യം,MOVIE
ലൂസി,MOVIE
കെന്നി തുടങ്ങുന്നു,MOVIE
കാൾ åstrand,PERSON
ഒരു കൊലയാളിയിൽ നിന്നുള്ള കത്തുകൾ,MOVIE
ഡേവിഡ് കാർസൺ,PERSON
ജിയ കാരിഡെസ്,PERSON
ഡ്രാക്കുള ശവക്കുഴിയിൽ നിന്ന് എഴുന്നേറ്റു,MOVIE
വെറോണിക്ക കാൾസൺ,PERSON
ദ്വീപുകളിൽ നിന്ന് പുറത്താക്കപ്പെട്ടവർ,MOVIE
ഹൗസ് ബോട്ട്,MOVIE
ജോൻ ഓഫ് ആർക്കിന്റെ അഭിനിവേശം,MOVIE
കാൾ തിയോഡോർ ഡ്രയർ,TAGS
കംചത്ക,MOVIE
റിക്കാർഡോ ഡാരിൻ,PERSON
ഒരു കല്യാണം,MOVIE
കരോൾ ബർണറ്റ്,PERSON
ബോർഡിംഗ് ഗേറ്റ്,MOVIE
കാൾ എൻജി,PERSON
കാർണി,MOVIE
റോബി റോബർട്ട്സൺ,PERSON
ജോഡി ഫോസ്റ്റർ,PERSON
ഗാരി ബസി,PERSON
വെയ്‌നിന്റെ ലോകം 2,MOVIE
ജോൺ കാർട്ടർ,PERSON
ആൻഡ്രൂ സ്റ്റാന്റൺ,PERSON
മൈക്കൽ ചാബോൺ,PERSON
മാർക്ക് ആൻഡ്രൂസ്,PERSON
എഡ്ഗർ റൈസ് ബറോകൾ,TAGS
വില്ലെം ഡാഫോ,PERSON
ടെയ്ലർ കിറ്റ്ഷ്,TAGS
സാമന്ത മോർട്ടൺ,PERSON
ലിൻ കോളിൻസ്,PERSON
ചൊവ്വ,TAGS
ഒരു ഉത്തമ ഭർത്താവ്,MOVIE
പീറ്ററിന്റെ പുനർജന്മം അഭിമാനിക്കുന്നു,MOVIE
പരമാവധി എർലിച്ച്,PERSON
പീറ്ററിന്റെ പുനർജന്മംഅഭിമാനം,MOVIE
മാർഗോട്ട് കിഡ്ഡർ,PERSON
ജെന്നിഫർ ഒനീൽ,PERSON
മൈക്കൽ സരാസിൻ,PERSON
കോർണേലിയ ഷാർപ്പ്,PERSON
റെംബ്രാൻഡ്,MOVIE
കാൾ സുക്ക്മേയർ,PERSON
കാന്റർവില്ലെ പ്രേതം,MOVIE
ശരീരത്തിന്റെ എണ്ണം,MOVIE
പൂച്ച തിരിച്ചു വന്നു,MOVIE
ഫോഗ് സിറ്റി മാവെറിക്സ്,MOVIE
കരോൾ ബല്ലാർഡ്,TAGS
മിസിസ്. ബ്രൗൺസ് ബോയ്‌സ് ഡി'മൂവി,MOVIE
ബ്രണ്ടൻ ഓ കരോൾ,PERSON
തിങ്കളാഴ്‌ച രാത്രി കുഴപ്പം,MOVIE
ബിൽ കാർട്ടർ,PERSON
സ്കാർലറ്റ് ദിവ,MOVIE
ഏഷ്യ അർജന്റോ,PERSON
പാറക്കെട്ട് ii,MOVIE
എൽ.എയിൽ നിന്ന് രക്ഷപ്പെടുക.,MOVIE
കടലിൽ നിന്ന് വീണുപോയ നാവികൻ,MOVIE
പരിഭാഷ നഷ്ടപ്പെട്ടു,MOVIE
സുന്ദരിയായ ശുക്രൻ,MOVIE
ഗുരുതരമായ പരിചരണം,MOVIE
സിഡ്നി ല്യൂമെറ്റ്,PERSON
റിച്ചാർഡ് ഡൂളിംഗ്,PERSON
ഹെലൻ മിറൻ,PERSON
ആനി ബാൻക്രോഫ്റ്റ്,PERSON
ജെയിംസ് സ്പേഡർ,PERSON
kyra sedgwick,PERSON
ശരീരം തട്ടിയെടുക്കുന്നവരുടെ അധിനിവേശം,MOVIE
ആൺകുട്ടി പെൺകുട്ടിയെ കണ്ടുമുട്ടുന്നു,MOVIE
പത്ത് സെക്കൻഡ് നരകത്തിലേക്ക്,MOVIE
മാർട്ടിൻ കരോൾ,PERSON
വലിയ സ്റ്റാൻ,MOVIE
വറുത്ത പച്ച തക്കാളി,MOVIE
കരോൾ സോബിസ്കി,PERSON
ക്ലൈവ് ഡോണർ,PERSON
ജോർജ് സി. സ്കോട്ട്,TAGS
ഡ്രാക്കുളയുടെ പാടുകൾ,MOVIE
റോയ് വാർഡ് ബേക്കർ,PERSON
ബ്രാം സ്റ്റോക്കർ,PERSON
ക്രിസ്റ്റഫർ ലീ,PERSON
ഡെന്നിസ് വാട്ടർമാൻ,PERSON
ജെന്നി ഹാൻലി,PERSON
ജോൺ എർമാൻ,PERSON
വില്യംസിനെ കൈകാര്യം ചെയ്യുക,PERSON
ഉപദേശകൻ,MOVIE
കോർമാക് മക്കാർത്തി,PERSON
സമയം കഴിഞ്ഞു,MOVIE
പുത്രന്മാരും സ്നേഹിതരും,MOVIE
ജാക്ക് കാർഡിഫ്,PERSON
തികഞ്ഞ സ്കോർ,MOVIE
സൂര്യനിലേക്കുള്ള പാലം,MOVIE
ഹവാനയിലെ നമ്മുടെ മനുഷ്യൻ,MOVIE
ജോ കാർനഹാൻ,TAGS
ഡോക്ടർ ഡിട്രോയിറ്റ്,MOVIE
invictus,MOVIE
ജോൺ കാർലിൻ,PERSON
പ്രതികാരം ചെയ്യുന്നവർ,MOVIE
സ്ഥിരം തോട്ടക്കാരൻ,MOVIE
ജോൺ ലെ കാരെ,PERSON
വിശുദ്ധ മോട്ടോറുകൾ,MOVIE
28 ആഴ്ച കഴിഞ്ഞ്,MOVIE
കടൽ,MOVIE
കെല്ലി കാൾസൺ,PERSON
റോഡ്,MOVIE
ഒരു തൊപ്പി മഴ,MOVIE
സ്റ്റാർമാൻ,MOVIE
വിചിത്രമായ ചരക്ക്,MOVIE
ഫ്രാങ്ക് ബോർസേജ്,PERSON
റിച്ചാർഡ് വിൽപ്പന,PERSON
ലോറൻസ് അപകടം,PERSON
ക്ലാർക്ക് ഗേബിൾ,PERSON
ജോവാൻ ക്രോഫോർഡ്,PERSON
1940,YEAR
ഫ്ലമെൻകോ,MOVIE
ഡോൺ ജോൺ,MOVIE
ജാഡ പിങ്കറ്റ് സ്മിത്ത്,PERSON
ക്രിസ് റോക്ക്,TAGS
ഡേവിഡ് ഷ്വിമ്മർ,TAGS
ക്ഷണിക്കപ്പെടാത്തവർ,MOVIE
ഡൊറോത്തി മക്കാർഡിൽ,PERSON
എന്നെപ്പോലെ കറുപ്പ്,MOVIE
കാൾ ലെർനർ,PERSON
ഐഡന്റിറ്റി കള്ളൻ,MOVIE
സ്കാർലറ്റ് തെരുവ്,MOVIE
ഫ്രിറ്റ്സ് ലാംഗ്,TAGS
ജോർജ്ജ് ഡി ലാ ഫൗച്ചാർഡിയർ,PERSON
എഡ്വേർഡ് ജി. റോബിൻസൺ,PERSON
ജൊവാൻ ബെന്നറ്റ്,PERSON
ഡാൻ ദുരിയ,PERSON
ഒരു നല്ല സ്ത്രീ,MOVIE
ലൂസി ഓബ്രാക്ക്,MOVIE
പുനരുത്ഥാനം,MOVIE
അപരിചിതൻ വിളിക്കുമ്പോൾ,MOVIE
താടിയെല്ലുകൾ,MOVIE
ചുവന്ന ഷൂസ്,MOVIE
ആർലെൻ എസ്കാർപെറ്റ,PERSON
പാമ്പ് കണ്ണുകൾ,MOVIE
പൊള്ളയായ പോയിന്റ്,MOVIE
ടിയ കരേരെ,PERSON
നഷ്ടപ്പെട്ട ഭൂഖണ്ഡം,MOVIE
മൈക്കൽ കരേറസ്,PERSON
നീല കാർ,MOVIE
കാരെൻ മോൺക്രിഫ്,PERSON
മുത്തശ്ശിയുടെ ആൺകുട്ടി,MOVIE
വിധവകൾ,MOVIE
മാർക്കോസ് കാർനെവാലെ,PERSON
ചാരനിറം,MOVIE
ജിം കരോൾ,PERSON
തലയിൽ ഒരു ദ്വാരം,MOVIE
ഷാർക്ക്ടോപ്പസ് vs. ടെറാക്കുഡ,MOVIE
എലി pfink a boo boo,MOVIE
കരോലിൻ ബ്രാൻഡ്,PERSON
വാർഡ്,MOVIE
ചർമ്മത്തിന് താഴെ,MOVIE
കരിൻ അഡ്ലർ,PERSON
പിതാവിന്റെ ഇടതുവശത്ത്,MOVIE
ലൂയിസ് ഫെർണാണ്ടോ കാർവാലോ,PERSON
കാറപകടം,TAGS
നോവോകെയ്ൻ,MOVIE
വലിയ സ്നിറ്റ്,MOVIE
ബൂജനുകൾ,MOVIE
ഫ്രെഡ് മക്കാരൻ,PERSON
ഫിലാഡൽഫിയ കഥ,MOVIE
വൈറ്റ് ഹൗസിന് മുകളിൽ ഗബ്രിയേൽ,MOVIE
കാരി വിൽസൺ,PERSON
ബുള്ളിറ്റ്,MOVIE
കാർ പിന്തുടരൽ,TAGS
പിനോച്ചിയോയുടെ സാഹസികത,MOVIE
കാർലോ കൊളോഡി,PERSON
"രക്തം, ധൈര്യം, വെടിയുണ്ടകൾ, ഒക്ടേൻ",MOVIE
നമ്മളെ പോലെയുള്ള കള്ളന്മാർ,MOVIE
ഉച്ചയ്ക്ക്,MOVIE
യേശുക്രിസ്തു സൂപ്പർസ്റ്റാർ,MOVIE
കാൾ ആൻഡേഴ്സൺ,PERSON
പച്ച പുൽമേടുകൾ,MOVIE
ഓസ്കാർ പോക്ക്,PERSON
ഓസ്കാർ,MOVIE
റസ്സൽ റോസ്,PERSON
ക്ലാരൻസ് ഗ്രീൻ,PERSON
ഹാർലാൻ എലിസൺ,PERSON
സ്റ്റീഫൻ ബോയ്ഡ്,PERSON
എൽകെ സോമർ,PERSON
മിൽട്ടൺ ബെർലെ,PERSON
1966,YEAR
എന്നെ തിരഞ്ഞെടുക്കുക,MOVIE
ഫാസ്റ്റ് അഞ്ച്,MOVIE
honkytonk മനുഷ്യൻ,MOVIE
clancy carlile,PERSON
അവശിഷ്ടങ്ങൾ,MOVIE
കാർട്ടർ സ്മിത്ത്,PERSON
ചെറിയ റിച്ചാർഡ്,MOVIE
കാൾ ലംബ്ലി,PERSON
തോക്ക് രോഷം,MOVIE
ഫിലിപ്പ് കാരി,PERSON
പറക്കലിന്റെ സിദ്ധാന്തം,MOVIE
ജേഡ്,MOVIE
വധുവിന്റെ മകൻ,MOVIE
കുപ്രസിദ്ധ,MOVIE
കുഞ്ഞാടുകൾക്ക് സിംഹങ്ങൾ,MOVIE
മഴ പോലും,MOVIE
ജുവാൻ കാർലോസ് അഡുവിരി,PERSON
എലിയറ്റ് സിൽവർസ്റ്റൈൻ,PERSON
ഡെന്നിസ് ഷ്രാക്ക്,PERSON
ലെയ്ൻ സ്ലേറ്റ്,PERSON
ജെയിംസ് ബ്രോലിൻ,PERSON
ജോൺ മാർലി,PERSON
കാത്‌ലീൻ ലോയ്ഡ്,PERSON
വൈൽഡർ നേപ്പാം,MOVIE
തിരിച്ചെത്തിയ,MOVIE
മാനുവൽ കാർബല്ലോ,PERSON
വടക്കൻ രാജ്യം,MOVIE
നിക്കി കാരോ,PERSON
തിരക്കുള്ളവൻ,MOVIE
സിഡ്നി കരോൾ,PERSON
തണുപ്പിൽ നിന്നും വന്ന ചാരൻ,MOVIE
പോരാളിയും മന്ത്രവാദിനിയും,MOVIE
ബാർബറി കോസ്റ്റ് ജെന്റ്,MOVIE
റുഡോ വൈ കർസി,MOVIE
കാർലോസ് ക്യൂറോൺ,PERSON
ലെസ് വിസിറ്റേഴ്സ് ഡു സോയർ,MOVIE
മാർസൽ കാർനെ,TAGS
കാറ്റ്,MOVIE
w.e.,MOVIE
കൺഡോർമൻ,MOVIE
വാൻ ഡൈമന്റെ ഭൂമി,MOVIE
ഓസ്കാർ റെഡ്ഡിംഗ്,PERSON
എല്ലാറ്റിന്റെയും ആവേശം,MOVIE
അരികിൽ,MOVIE
കരോൾ ആമേൻ,PERSON
മോണ്ടെ വാൽഷ്,MOVIE
മറ്റൊരു ക്രിസ്മസിന് ഒരു കരോൾ,MOVIE
ജോസഫ് എൽ. മാൻകീവിക്‌സ്,PERSON
സ്റ്റെർലിംഗ് ഹെയ്ഡൻ,PERSON
ഇവാ മേരി വിശുദ്ധ,PERSON
ബെൻ ഗസ്സാര,PERSON
ബാർബറ ആൻ ടീർ,PERSON
1964,YEAR
നിലനിൽക്കുന്നിടത്തോളം സ്നേഹം ശാശ്വതമാണ്,MOVIE
ഇരുമ്പ് സ്ത്രീ,MOVIE
ഓസ്കാർ നാമം,TAGS
പുനരുജ്ജീവനം,MOVIE
കാൾ ഹാർബോ,PERSON
skidoo,MOVIE
കരോൾ ചാനിംഗ്,PERSON
പരസ്പരം ഉണ്ടാക്കിയത്,MOVIE
ആൺകുട്ടികൾക്കൊപ്പം കാറിൽ കയറുന്നു,MOVIE
പെന്നി മാർഷൽ,PERSON
ബ്രിട്ടാനി മർഫി,PERSON
സ്റ്റീവ് സാൻ,PERSON
ഇരുട്ടിൽ ചിറകുകൾ,MOVIE
ജൂഡിയുമായി ഒരു തീയതി,MOVIE
33 പോസ്റ്റ്കാർഡുകൾ,MOVIE
പോളിൻ ചാൻ,PERSON
പയ്യൻ pearce,PERSON
ഒരു ക്രിസ്മസ് കേപ്പറിലെ മഡഗാസ്കർ പെൻഗ്വിനുകൾ,MOVIE
ഗാരി ട്രൌസ്ഡേൽ,TAGS
മൈക്കൽ ലാച്ചൻസ്,PERSON
പെട്ടി,MOVIE
ജിയാൻകാർലോ എസ്പോസിറ്റോ,PERSON
കാണിക്ക ബോട്ട്,MOVIE
ഓസ്കാർ ഹാമർസ്റ്റൈൻ ii,PERSON
കാട്ടു ഓർക്കിഡ്,MOVIE
carré otis,PERSON
അച്ഛനും തോക്കുകളും,MOVIE
കരോലിൻ ധവെർണാസ്,PERSON
ലോറ മാർസിന്റെ കണ്ണുകൾ,MOVIE
ഇത് അർഹിക്കാൻ ഞാൻ എന്താണ് ചെയ്തത്?,MOVIE
അവിശ്വസനീയമായ ശിലാലിഖിത ലോകം,MOVIE
സ്വാർത്ഥ ഭീമൻ,MOVIE
വെള്ളത്തിൽ നടക്കുക,MOVIE
കരോളിൻ പീറ്റേഴ്സ്,PERSON
പുള്ളിപ്പുലി,MOVIE
ക്ലോഡിയ കർദ്ദിനേൽ,PERSON
യഥാർത്ഥ സ്ത്രീകൾക്ക് വളവുകൾ ഉണ്ട്,MOVIE
പട്രീഷ്യ കാർഡോസോ,PERSON
കാർലിറ്റോയുടെ വഴി,MOVIE
ഡേവിഡ് കോപ്പ്,PERSON
എഡ്വിൻ ടോറസ്,PERSON
സീൻ പേന,TAGS
ജോൺ ലെഗുയിസാമോ,PERSON
പെനെലോപ്പ് ആൻ മില്ലർ,PERSON
വിഗ്ഗോ മോർട്ടൻസൻ,TAGS
കത്തുന്ന തിളക്കം,MOVIE
കാർസൺ സിറ്റി,MOVIE
സ്ലോൺ നിബ്ലി,PERSON
റാൻഡോൾഫ് സ്കോട്ട്,PERSON
lucille norman,PERSON
വിശുദ്ധ പെൺകുട്ടി,MOVIE
കാർലോസ് ബെല്ലോസോ,PERSON
django unchained,MOVIE
ലേഡി ജെയ്ൻ,MOVIE
phffft,MOVIE
അതിർത്തി പട്ടണം,MOVIE
കരോൾ ഗ്രഹാം,PERSON
അവൻ നിങ്ങളോട് അങ്ങനെയല്ല,MOVIE
ഒരു അമേരിക്കൻ കരോൾ,MOVIE
മിർണ സോകോലോഫ്,PERSON
adkins കണ്ടെത്തുക,PERSON
മൈക്കൽ മൂർ,TAGS
ബില്ലി ദി കിഡ് വേഴ്സസ് ഡ്രാക്കുള,MOVIE
വാമ്പയർ,MOVIE
സ്ട്രോബെറിയും ചോക്കലേറ്റും,MOVIE
ജുവാൻ കാർലോസ് ടാബിയോ,PERSON
വെറോണിക്ക ഗെറിൻ,MOVIE
പേരിൽ മാത്രം,MOVIE
രഹസ്യമായി,MOVIE
വർണ്ണചക്രം,MOVIE
കാർലൻ ആൾട്ട്മാൻ,PERSON
വെസ്ന വാ വെലോസ്,MOVIE
കാർലോ മസ്സക്കുറാറ്റി,PERSON
ഭയങ്കര സത്യം,MOVIE
"പതാകയ്ക്ക് ചുറ്റും റാലി, ആൺകുട്ടികളേ!",MOVIE
രണ്ട് തലച്ചോറുള്ള മനുഷ്യൻ,MOVIE
ഇരുമ്പിന്റെ വൃത്തം,MOVIE
രാജാവിന്റെ പ്രസംഗം,MOVIE
യുവ വിൻസ്റ്റൺ,MOVIE
നീലാകാശം,MOVIE
കാരി സ്നോഡ്ഗ്രെസ്സ്,PERSON
മ്യൂണിക്കിലേക്കുള്ള രാത്രി ട്രെയിൻ,MOVIE
മരിച്ചവരുടെ കണക്ക്,MOVIE
മോറിസ് കാർനോവ്സ്കി,PERSON
ഒരു കാലത്ത് മധ്യപ്രദേശിൽ,MOVIE
വൃത്തികെട്ട സ്നേഹം,MOVIE
ജെന്നി മക്കാർത്തി,PERSON
അന്യഗ്രഹ റൈഡർമാർ,MOVIE
കാർലോസ് ബെർണാഡ്,PERSON
കാലിഗുല,MOVIE
ജിയാൻകാർലോ ലൂയി,PERSON
വിവ വില്ല!,MOVIE
ബെവർലി ഹിൽസ് ചിഹുവാഹുവ,MOVIE
വിശപ്പ്,MOVIE
ഹെന്നിംഗ് കാൾസെൻ,PERSON
ഓരോ ഓസ്കാർസണും,PERSON
കരോലിന ചന്ദ്രൻ,MOVIE
സ്റ്റീഫൻ ടോക്കിൻ,PERSON
നോറ റോബർട്ട്സ്,TAGS
ക്ലെയർ ഫോർലാനി,PERSON
ഒലിവർ ഹഡ്സൺ,PERSON
ജിജി,MOVIE
തൂത്തുവാരി,MOVIE
മധുരം ചാരിറ്റി,MOVIE
കാലിഫോർണിയ സോളോ,MOVIE
ഭയപ്പെടുത്തുകയോ മരിക്കുകയോ,MOVIE
ബോബ് ബാഡ്‌വേ,PERSON
ഇഗോർ മെഗ്ലിക്,PERSON
മൈക്കൽ ഇമ്മാനുവൽ,PERSON
ബിൽ ഒബെർസ്റ്റ് ജൂനിയർ,PERSON
മോശം,TAGS
ചാർളി ചാൻ തുടരുന്നു,MOVIE
ഹാമിൽട്ടൺ മക്ഫാഡൻ,TAGS
earl derr വലുത്,PERSON
വാർണർ ഒലാൻഡ്,PERSON
മാർഗറൈറ്റ് ചർച്ചിൽ,PERSON
ജോൺ ഗാരിക്ക്,PERSON
1931,YEAR
ജിൻഡബൈൻ,MOVIE
തള്ളൽ,MOVIE
സ്വിംഗ് വോട്ട്,MOVIE
നഷ്ടപ്പെട്ട ബറ്റാലിയൻ,MOVIE
ജെയിംസ് കാരബറ്റ്സോസ്,PERSON
ഒരു പുതിയ തരംഗം,MOVIE
ജേസൺ കാർവി,PERSON
ദൈവമേ അറിയൂ,MOVIE
കാർലോസ് ബോലാഡോ,PERSON
ബംഗാളി,MOVIE
ഗ്വാണ്ടനാമേറ,MOVIE
എരാഗൺ,MOVIE
അതെ മനുഷ്യൻ,MOVIE
കിക്കി,MOVIE
ആന്ദ്രേ പിക്കാർഡ്,PERSON
ചന്ദ്രൻ പൂജ്യം രണ്ട്,MOVIE
എന്നെ രക്ഷിക്കൂ,MOVIE
റോബർട്ട് കാരി,PERSON
ആലീസ്,MOVIE
മൂന്ന് കാബല്ലെറോകൾ,MOVIE
കാർമെൻ മോളിന,PERSON
ഞാൻ മാലാഖയല്ല,MOVIE
ക്രൈം സോൺ,MOVIE
ഉയർന്ന കടലിലെ പ്രണയം,MOVIE
മരവിച്ച സ്വപ്നങ്ങളുടെ ശീതകാലം,MOVIE
എന്നിലേക്ക് മടങ്ങുക,MOVIE
കാട്ടു ഫലിതം ii,MOVIE
സുന്ദരിയായ കുഞ്ഞ്,MOVIE
3 ഗോഡ്ഫാദർമാർ,MOVIE
ഞാൻ എല്ലാവരും,MOVIE
ബാച്ചിലറും ബോബി സോക്സറും,MOVIE
ചൊവ്വയിൽ നിന്നുള്ള ആക്രമണകാരികൾ,MOVIE
ഹെലീന കാർട്ടർ,PERSON
ക്രിസ്റ്റിൻ,MOVIE
ബാറ്റ്മാൻ എന്നേക്കും,MOVIE
മൃദുവായ തുള,MOVIE
സ്ത്രീ,MOVIE
ലോറൻ ആഷ്ലി കാർട്ടർ,PERSON
മാനെക്വിൻ,MOVIE
ബിഷപ്പിന്റെ ഭാര്യ,MOVIE
കാർലോസ് ഫ്യൂന്റസ്,PERSON
ഗീക്ക് ലൂഥർ,MOVIE
കാൾട്ടൺ ജെ. ഓൾബ്രൈറ്റ്,PERSON
അഗോറ,MOVIE
സ്കൂൾ മയക്കം,MOVIE
വാഹകർ,MOVIE
ഡേവിഡ് പാസ്റ്റർ,PERSON
ക്രിസ് പൈൻ,TAGS
പൈപ്പർ പെരാബോ,TAGS
ലൂ ടെയ്‌ലർ പുച്ചി,PERSON
എമിലി വാൻക്യാമ്പ്,PERSON
ഭ്രമം,MOVIE
കാൾ കോൾപേർട്ട്,PERSON
ഗ്ലാസ് സ്ലിപ്പർ,MOVIE
ഞാൻ കാരണം carabinieri,MOVIE
ഭൂതോച്ചാടനം,MOVIE
ഡോക്ടർമാരുടെ ഭാര്യമാർ,MOVIE
Maladetto il giorno che t'ho incontrato,MOVIE
മപ്പറ്റ് ക്രിസ്മസ് കരോൾ,MOVIE
ബ്രയാൻ ഹെൻസൺ,PERSON
മൈക്കൽ കെയ്ൻ,TAGS
മപ്പെറ്റുകൾ,TAGS
ജിം ഹെൻസൺ,TAGS
ചരക്ക്,MOVIE
ഇവാൻ ആംഗ്ലർ,PERSON
ആലുക്കാർഡ,MOVIE
ജുവാൻ ലോപ്പസ് മോക്റ്റെസുമ,PERSON
ടീന റൊമേറോ,PERSON
ജീൻ വൈൽഡർ,PERSON
പെറ്റ് 'എൻ' ടില്ലീ,MOVIE
നിഴലുകൾ,MOVIE
ബെൻ കാർട്ടേഴ്സ്,PERSON
വായുവിൽ സംഗീതം,MOVIE
യുദ്ധഭൂമി,MOVIE
ലോകയുദ്ധം z,MOVIE
നെഡ്സ്,MOVIE
കോനോർ മക്കറോൺ,PERSON
സ്പ്ലിന്റർഹെഡുകൾ,MOVIE
കാർണിവൽ,TAGS
നാനി ഡയറിക്കുറിപ്പുകൾ,MOVIE
കൊണ്ടുപോയി,MOVIE
ബ്രൂണോ ബാരെറ്റോ,PERSON
ജിം ഹാരിസൺ,PERSON
കൊണ്ടുപോയി,MOVIE
ഡെന്നിസ് ഹോപ്പർ,PERSON
ആമി ലോക്കേൻ,PERSON
ഒളിച്ചോടിയവന്റെ മുഖം,MOVIE
ലിൻ മക്കാർത്തി,PERSON
നീണ്ട കപ്പലുകൾ,MOVIE
ആക്ഷൻ ജാക്സൺ,MOVIE
ചെന്നായ്ക്കളുടെ കൂട്ടം,MOVIE
ഏഞ്ചല കാർട്ടർ,PERSON
ഒമേഗ കോഡ്,MOVIE
റോബർട്ട് മാർകറെല്ലി,PERSON
ഗ്രുഫല്ലോ,MOVIE
സെന്റ്. വിൻസെന്റ്,MOVIE
കാർമെൻ ജോൺസ്,MOVIE
ഓട്ടോ പ്രിമിംഗർ,PERSON
ഹാരി ക്ലീനർ,PERSON
ഹാരി ബെലാഫോണ്ടെ,PERSON
ഡൊറോത്തി ഡാൻഡ്രിഡ്ജ്,PERSON
1954,YEAR
രണ്ടാം ലോകമഹായുദ്ധം,TAGS
ഓപ്പറ,TAGS
പോപ്പ എവിടെ?,MOVIE
എന്റെ കുതിരകൾക്ക് ബിയർ,MOVIE
റോഡ്നി കാറിംഗ്ടൺ,PERSON
കുഴപ്പത്തിൽ സ്ത്രീകൾ,MOVIE
സ്കൂപ്പ്,MOVIE
കാറ്റ് നമ്മെ കൊണ്ടുപോകും,MOVIE
ഇറാൻ,TAGS
orfeu,MOVIE
കാർലോസ് ഡീഗസ്,PERSON
ബറോണസ് എമ്മൂസ്ക ഓർക്കി,PERSON
ian mckellen,PERSON
ജെയ്ൻ സെയ്മോർ,PERSON
ആന്റണി ആൻഡ്രൂസ്,PERSON
ഫ്രാൻസ്,TAGS
വൃത്തിയും സുബോധവും,MOVIE
മോണ്ടെ കാർലോയിൽ ചാർളി ചാൻ,MOVIE
യൂജിൻ ഫോർഡ്,TAGS
കീ ലൂക്ക്,PERSON
1937,YEAR
എൽവിസ്,MOVIE
ചൈന ചന്ദ്രൻ,MOVIE
റോയ് കാൾസൺ,PERSON
ഷാഡോസോൺ,MOVIE
ജെ.എസ്. കാർഡോൺ,PERSON
വിശാലമായ തെരുവിന് എന്റെ ആശംസകൾ,MOVIE
പോൾ മക്കാർട്ട്നി,PERSON
മിങ്കിന്റെ ആ സ്പർശനം,MOVIE
ഹറും സ്കറും,MOVIE
എൽവിസ് പ്രെസ്ലി,PERSON
അന്യഗ്രഹ,MOVIE
കാർലോസ് അരെസെസ്,PERSON
ഒരു ഫ്ലിന്റ്സ്റ്റോൺസ് ക്രിസ്മസ് കരോൾ,MOVIE
ജീൻ വാൻഡർ പൈൽ,PERSON
കറുത്ത പുസ്തകം,MOVIE
കാരിസ് വാൻ ഹൗട്ടൻ,PERSON
ഓസ്കാർ ലെവന്റ്,PERSON
പാപ നഗരം,MOVIE
ഗെർട്രൂഡ്,MOVIE
വെർജീനിയയിലെ ഹോവാർഡുകൾ,MOVIE
ഇരുട്ടുന്നത് വരെ കാത്തിരിക്കുക,MOVIE
റോബർട്ട് കാരിംഗ്ടൺ,PERSON
കരാർ,MOVIE
നിക്കോളാസ് മക്കാർത്തി,PERSON
സെക്കന്റുകൾ,MOVIE
മരണ ഓട്ടം 2000,MOVIE
ആരാണ് ഇലക്ട്രിക് കാർ കൊന്നത്?,MOVIE
ക്രിസ് പെയിൻ,PERSON
കാലിഫോർണിയ,TAGS
എണ്ണ,TAGS
പൊതു മോട്ടോറുകൾ,TAGS
അശ്രദ്ധമായ സ്നേഹം,MOVIE
ജോൺ ഡ്യൂഗൻ,PERSON
ബന്ധപ്പെടുക,MOVIE
കാൾ സാഗൻ,TAGS
അഞ്ച് എളുപ്പമുള്ള കഷണങ്ങൾ,MOVIE
കരിയർ പെൺകുട്ടികൾ,MOVIE
മൈക്ക് ലീ,TAGS
ലിൻഡ സ്റ്റെഡ്മാൻ,PERSON
കറുത്ത തടാകത്തിൽ നിന്നുള്ള ജീവി,MOVIE
ഫാക്ടറി,MOVIE
ജെന്നിഫർ ആശാരി,PERSON
പറുദീസയുടെ മക്കൾ,MOVIE
rififi,MOVIE
കാൾ മോഹർ,PERSON
നവറോണിന്റെ തോക്കുകൾ,MOVIE
തിരുകലുകൾ,MOVIE
പുതിയ കുതിരകൾ,MOVIE
ഞാൻ ആഗ്രഹിക്കുന്നതെല്ലാം,MOVIE
കരോൾ റൈറി ബ്രിങ്ക്,PERSON
എല്ലാം പോകണം,MOVIE
കളിയുടെ അവസ്ഥ,MOVIE
ഹൈബോൾ,MOVIE
കാർലോസ് ജാക്കോട്ട്,PERSON
ലോകാവസാനം വരെ,MOVIE
പീറ്റർ കാരി,PERSON
കാർ കഴുകൽ,MOVIE
മൈക്കൽ ഷൂൾട്സ്,TAGS
ജോയൽ ഷൂമാക്കർ,TAGS
അന്റോണിയോ ഫാർഗാസ്,PERSON
അരികിൽ നിന്നുള്ള പോസ്റ്റ്കാർഡുകൾ,MOVIE
മെറിൽ സ്ട്രീപ്പ്,TAGS
ഡെന്നിസ് ക്വെയ്ഡ്,PERSON
സ്റ്റീഫൻ ആശാരി,PERSON
ഹെൻറി ബി. വാൾത്താൾ,PERSON
ബുദ്ധിയില്ലാത്ത സംരക്ഷണം,MOVIE
യുവ കാസിഡി,MOVIE
ജാമി മാർക്ക്സ് മരിച്ചു,MOVIE
മരിക്കാത്ത തലച്ചോറ്,MOVIE
റെക്സ് കാൾട്ടൺ,PERSON
കുറുക്കൻ തീ,MOVIE
ജോയ്സ് കരോൾ ഓട്സ്,PERSON
നഗര നീതി,MOVIE
കാർമെൻ സെറാനോ,PERSON
ജബ്ബർവോക്കി,MOVIE
ചുവന്ന വിടവിന്റെ ഞെരുക്കങ്ങൾ,MOVIE
അവസരം തട്ടി,MOVIE
രാജാവും ഞാനും,MOVIE
വില്യം വൈലർ,TAGS
തിയോഡോർ ഡ്രെയിസർ,PERSON
ലോറൻസ് ഒലിവിയർ,PERSON
ജെന്നിഫർ ജോൺസ്,PERSON
ചെകുത്താന്റെ കാർണിവൽ,MOVIE
ഡാരൻ ലിൻ ബൗസ്മാൻ,PERSON
ടെറൻസ് zdunich,PERSON
ബ്രയാന എവിഗൻ,PERSON
ജെസ്സിക്ക ലോൻഡസ്,PERSON
സ്റ്റോൺവാൾ പ്രക്ഷോഭം,MOVIE
ഡേവിഡ് കാർട്ടർ,PERSON
ഗാംബിറ്റ്,MOVIE
ഒരു ദശലക്ഷം ബി.സി.,MOVIE
ഔദാര്യത്തിൽ കലാപം,MOVIE
ഒരു അദൃശ്യ മനുഷ്യന്റെ ഓർമ്മക്കുറിപ്പുകൾ,MOVIE
കെട്ടുന്ന ടൈ,MOVIE
ലാസ്കർ,MOVIE
വിൻസെന്റ് കാസൽ,PERSON
ഡയാൻ ക്രൂഗർ,PERSON
തിരമാലകൾ ഉണ്ടാക്കരുത്,MOVIE
പിനോച്ചിയോ,MOVIE
പുതിയ വാട്ടർഫോർഡ് പെൺകുട്ടി,MOVIE
നൂറ്റാണ്ടിലെ മനുഷ്യൻ,MOVIE
കാര ബ്യൂണോ,PERSON
നിയോൺ ബൈബിൾ,MOVIE
ഡയാന സ്കാർവിഡ്,PERSON
ഒരെണ്ണം കൂടി,MOVIE
അവരുടെ കണ്ണിലെ രഹസ്യം,MOVIE
ടോസ്റ്റ്,MOVIE
ഓസ്കാർ കെന്നഡി,PERSON
പ്രാവിന്റെ ചിറകുകൾ,MOVIE
ജോൺ അവസാനം മരിക്കുന്നു,MOVIE
47 റോണിൻ,MOVIE
കാൾ റിൻഷ്,PERSON
ബ്രോഡ്‌വേ റിഥം,MOVIE
രാക്ഷസ ക്ലബ്ബ്,MOVIE
തടയാനാവാത്ത,MOVIE
ഗ്വാംഗി താഴ്വര,MOVIE
സുന്ദരി ഗസ്റ്റേ,MOVIE
മരിയൻ പാലം,MOVIE
wiebke von carolsfeld,PERSON
സുഗമമായ സംസാരം,MOVIE
സ്വതന്ത്രമായി ജീവിക്കുക അല്ലെങ്കിൽ കഠിനമായി മരിക്കുക,MOVIE
ടരാന്റുല,MOVIE
ജിം കാർട്ട് റൈറ്റ്,PERSON
നീല മാലാഖ,MOVIE
നഗ്നനായ കൊലയാളി,MOVIE
വഹിക്കുക ng,PERSON
വേട്ടയാടുക,MOVIE
മാക് കാർട്ടർ,PERSON
പാൻ,MOVIE
അത്ഭുത ബാർ,MOVIE
റിക്കാർഡോ കോർട്ടെസ്,PERSON
പണം,MOVIE
സഹായം!,MOVIE
തിരികെ,MOVIE
കറുത്ത ഡാലിയ,MOVIE
ഡെയ്‌സി എന്ന് പേരുള്ള ഒരു ചീങ്കണ്ണി,MOVIE
ജീനി കാർസൺ,PERSON
അസുഖം,MOVIE
ആരോഗ്യ പരിരക്ഷ,TAGS
അലമാരയിലെ ഇന്ത്യക്കാരൻ,MOVIE
ഹാൽ സ്കാർഡിനോ,PERSON
അവർ സംസാരിക്കുന്ന സ്ത്രീകൾ,MOVIE
കാൾട്ടൺ മൈൽ,PERSON
ധൈര്യം,MOVIE
കാർമെലോ ഗോമസ്,PERSON
എന്റെ പ്രിയപ്പെട്ട ഭാര്യ,MOVIE
റിസർവേഷനുകൾ ഇല്ല,MOVIE
കരോൾ ഫ്യൂച്ചുകൾ,PERSON
വണ്ടർലാൻഡിലെ ആലീസിന്റെ സാഹസികത,MOVIE
കൻസാസ്,MOVIE
കാർമിന വില്ലറോയൽ,PERSON
ഞാൻ രാജാവായിരുന്നെങ്കിൽ,MOVIE
ജസ്റ്റിൻ ഹണ്ട്ലി മക്കാർത്തി,PERSON
ഗ്രാൻ ടോറിനോ,MOVIE
ക്രിസ്റ്റഫർ കാർലി,PERSON
ഇന്നും എന്നേക്കും,MOVIE
താഴേക്ക് വളച്ചൊടിച്ച,MOVIE
സ്മോക്കിംഗ് ഏസസ്,MOVIE
ഹാർലെക്വിൻ,MOVIE
കാർമെൻ ഡങ്കൻ,PERSON
ഫൈറ്റ് ക്ലബ്ബ്,MOVIE
 ഹെലീന ബോൺഹാം കാർട്ടർ,TAGS
ഗുഹാവാസി,MOVIE
അവസാന നൃത്തം സംരക്ഷിക്കുക,MOVIE
തോമസ് കാർട്ടർ,PERSON
കാർപൂൾ,MOVIE
ആർതർ ഹില്ലർ,PERSON
ടോം ആർനോൾഡ്,TAGS
ഡേവിഡ് പണമടയ്ക്കുന്നയാൾ,PERSON
നിയമവിരുദ്ധനായ ജോസി വെയിൽസ്,MOVIE
രാജകുമാരി കാരബൂ,MOVIE
മൈക്കൽ ഓസ്റ്റിൻ,PERSON
ജോൺ വെൽസ്,PERSON
phoebe cates,PERSON
പൗരൻ കൊച്ച്,MOVIE
കാൾ ഇടപാട്,PERSON
യഥാർത്ഥ കുറ്റസമ്മതം,MOVIE
സിൻഡ്രെല്ല,MOVIE
ഒരു സ്ത്രീയുടെ ഗന്ധം,MOVIE
ruggero macari,PERSON
ദുഷ്ടൻ,MOVIE
സി. റോബർട്ട് കാർഗിൽ,PERSON
കാര്യം,MOVIE
എല്ലാ നല്ല കുതിരകളും,MOVIE
ബോഡി ബാഗുകൾ,MOVIE
ആരാണ് റോജർ മുയലിനെ ഫ്രെയിം ചെയ്തത്,MOVIE
മരിച്ചവർ പ്ലെയ്ഡ് ധരിക്കില്ല,MOVIE
സെൽമ,MOVIE
ടിങ്കർ തയ്യൽക്കാരൻ പട്ടാളക്കാരൻ ചാരൻ,MOVIE
പൂജ്യത്തേക്കാൾ കുറവ്,MOVIE
നക്ഷത്രങ്ങൾ താഴേക്ക് നോക്കുന്നു,MOVIE
രക്ഷിക്കുന്ന ദൈവം,MOVIE
റിക്കാർഡോ ചാവിറ,PERSON
ലവ് ജോൺസ്,MOVIE
ലിസ നിക്കോൾ കാർസൺ,PERSON
കുഞ്ഞു പാവ,MOVIE
ദി കെയർ ബിയേഴ്സ് മൂവി,MOVIE
അർണ സെൽസ്നിക്ക്,PERSON
മിക്കി റൂണി,PERSON
ജാക്കി ബറോസ്,PERSON
ജോർജിയ എംഗൽ,PERSON
1985,YEAR
സെന്റ്. എൽമോയുടെ തീ,MOVIE
ചരട്,MOVIE
കാർപെറ്റ്ബാഗർമാർ,MOVIE
എഡ്വേർഡ് ഡിമിട്രിക്ക്,PERSON
ഹരോൾഡ് റോബിൻസ്,PERSON
ജോർജ്ജ് പെപ്പാർഡ്,PERSON
അലൻ ലാഡ്,PERSON
ദൈവം ബ്രസീലിയൻ ആണ്,MOVIE
വേഷംമാറിയ യജമാനൻ,MOVIE
ഒരു അമേരിക്കൻ റാപ്‌സോഡി,MOVIE
എതിരാളി,MOVIE
ഇമ്മാനുവൽ കാരർ,PERSON
ഡോൾ സ്ക്വാഡ്,MOVIE
മാൾട്ടീസ് ഫാൽക്കൺ,MOVIE
ചാട്ട കൈ,MOVIE
കാർല ബാലെൻഡ,PERSON
വളി,MOVIE
നാടിൻ ലബാക്കി,PERSON
സ്വർഗ്ഗത്തിൽ യുദ്ധം,MOVIE
ജോളിക്കുള്ള പ്രതികാരം!,MOVIE
എന്റെ മിന്നുന്ന കരിയർ,MOVIE
ഗില്ലിയൻ ആംസ്ട്രോങ്,PERSON
മൈൽ ഫ്രാങ്ക്ലിൻ,PERSON
1979,YEAR
ഓസ്ട്രേലിയ,TAGS
കവചിത കാർ കവർച്ച,MOVIE
റിച്ചാർഡ് ഫ്ലിഷർ,TAGS
ചാൾസ് മക്ഗ്രോ,PERSON
1950,YEAR
രണ്ട് ദൂരത്തേക്ക് ഒരു കുട്ടി,MOVIE
വാരാന്ത്യത്തിൽ ബെർണീസ്,MOVIE
അതിർത്തി സംഭവം,MOVIE
ഹൃദയത്തിന്റെ കള്ളൻ,MOVIE
സഹോദരങ്ങളുടെ മത്സരം,MOVIE
ലോകത്തിലെ ഏറ്റവും വലിയ കാമുകൻ,MOVIE
സമൃദ്ധിയിലേക്കുള്ള യാത്ര,MOVIE
കാർലിൻ ഗ്ലിൻ,PERSON
ലേഡി വിൻഡർമെയറിന്റെ ഫാൻ,MOVIE
തൊഴുത്തിൽ വരൂ,MOVIE
ഓസ്കാർ മില്ലാർഡ്,PERSON
കൈകാലുകൾ,MOVIE
ഒരിക്കലും കരയരുത് ചെന്നായ,MOVIE
മിലാഗ്രോ ബീൻഫീൽഡ് യുദ്ധം,MOVIE
ജൂലി കാർമെൻ,PERSON
കാർമെൻ,MOVIE
പ്രോസ്‌പെർ മെറിമി,PERSON
1983,YEAR
നൃത്തം,TAGS
രണ്ട് സ്ത്രീകൾ,MOVIE
കാർലോ നിഞ്ചി,PERSON
ജൂലിയറ്റ് ആരാണ്?,MOVIE
കാർലോസ് മാർക്കോവിച്ച്,PERSON
വിർജീനിയ,MOVIE
കാരി പ്രെസ്റ്റൺ,PERSON
അടുത്ത വെള്ളിയാഴ്ച,MOVIE
സ്റ്റീവ് കാർ,TAGS
ഒരിക്കൽ പടിഞ്ഞാറ്,MOVIE
ബ്ലൂസ് സഹോദരന്മാർ,MOVIE
ഞങ്ങൾ ഇതുവരെ പൂർത്തിയാക്കിയോ?,MOVIE
വണ്ടർലാൻഡിലെ കെയർ സാഹസികത വഹിക്കുന്നു,MOVIE
റെയ്മണ്ട് ജാഫെലിസ്,PERSON
ജിം ഹെൻഷോ,PERSON
ബോബ് ഡെർമർ,PERSON
സ്കാർലറ്റ് ചക്രവർത്തി,MOVIE
ജോസഫ് വോൺ സ്റ്റെർൻബെർഗ്,TAGS
മാനുവൽ കോംറോഫ്,PERSON
മാർലിൻ ഡയട്രിച്ച്,TAGS
സാം ജാഫ്,PERSON
സ്കാർലറ്റ് ചക്രവർത്തിനി,MOVIE
ലൂയിസ് ഡ്രസ്സർ,PERSON
ആധുനികർ,MOVIE
നിശബ്ദ വെളിച്ചം,MOVIE
നമുക്ക് ജെസീക്കയെ ഭയപ്പെടുത്തി കൊല്ലാം,MOVIE
ജോൺ ഡി. ഹാൻകോക്ക്,PERSON
zohra ലാമ്പർട്ട്,PERSON
ചൂട്,MOVIE
പ്രതിസന്ധി,MOVIE
uhf,MOVIE
കോബ്ലർ,MOVIE
ചുവന്ന ഗാർട്ടറുകൾ,MOVIE
"നിക്ക് കാർട്ടർ, മാസ്റ്റർ ഡിറ്റക്ടീവ്",MOVIE
സൂര്യന്റെ ഇരുട്ട്,MOVIE
പീറ്റർ കാർസ്റ്റൺ,PERSON
വിക്കി ദാതാവ്,MOVIE
ഷൂജിത് സർകാർ,PERSON
സോംബി ദ്വീപ് കൂട്ടക്കൊല,MOVIE
ജോൺ എൻ. വണ്ടിക്കാരൻ,PERSON
മെട്രോ,MOVIE
കാർലോസ് പെദ്രസ,PERSON
ജെസ്സബെല്ലെ,MOVIE
ജോല്ലെ കാർട്ടർ,PERSON
വടക്ക് പടിഞ്ഞാറ് പോലീസ്,MOVIE
തിയോഡോറ കാട്ടിലേക്ക് പോകുന്നു,MOVIE
മേരി മക്കാർത്തി,PERSON
കൂട്ടക്കൊല,MOVIE
റോമൻ പോളാൻസ്കി,TAGS
യാസ്മിന റീസ,PERSON
കേറ്റ് വിൻസ്ലെറ്റ്,TAGS
ക്രിസ്റ്റോഫ് വാൾട്ട്സ്,PERSON
ജോൺ സി. റെല്ലി,PERSON
ആനി,MOVIE
ആ പഴയ തോന്നൽ,MOVIE
ശമ്പളം,MOVIE
ഡോൺ ആശാരി,PERSON
സ്റ്റേജ് കോച്ച്,MOVIE
കുറ്റവാളി,MOVIE
പോൾ വാൻ കാർട്ടർ,PERSON
ക്ലോഡിൻ,MOVIE
ഡയഹാൻ കരോൾ,PERSON
ബ്രൺസ്വിക്കിൽ മരണം,MOVIE
zoe carides,PERSON
ഡുമ,MOVIE
കരോൾ കാവ്ത്ര ഹോപ്ക്രാഫ്റ്റ്,PERSON
ഊഞ്ഞാൽ കുട്ടികൾ,MOVIE
നിത്യതയിൽ നിന്ന് തിരികെ,MOVIE
റിച്ചാർഡ് കരോൾ,PERSON
റഷ്യൻ വീട്,MOVIE
തോക്കിന്റെ വർഷം,MOVIE
നമ്പർ 23,MOVIE
ഡൊറോത്തി സ്കാർബറോ,PERSON
തട്ടിക്കൊണ്ടുപോയി,MOVIE
കളങ്കമില്ലാത്ത മനസ്സിന്റെ നിത്യ സൂര്യപ്രകാശം,MOVIE
നല്ല കമ്പനിയിൽ,MOVIE
കൊച്ചു സ്ത്രീക്ക് ഒരു വലിയ കൈ,MOVIE
നായകൻ വിശാലമായി,MOVIE
ഭയാനകങ്ങൾ,MOVIE
വില്യം വെസ്ലി,PERSON
കാർണോസർ,MOVIE
ജോൺ ബ്രോസ്നൻ,PERSON
ഡയാൻ ലാഡ്,PERSON
cheyenne ശരത്കാലം,MOVIE
xxy,MOVIE
സെൻഡയുടെ തടവുകാരൻ,MOVIE
ചുംബനവും മേക്കപ്പും,MOVIE
അഷ്ടഭുജം,MOVIE
കാരെൻ കാൾസൺ,PERSON
അച്ഛൻ നീണ്ട കാലുകൾ,MOVIE
ഏണസ്റ്റ് ലുബിറ്റ്ഷ്,TAGS
harry liedtke,PERSON
പോള നെഗ്രി,PERSON
ലിയോപോൾഡ് വോൺ ലെഡെബർ,PERSON
1918,YEAR
ജിപ്സി,TAGS
എനിക്ക് പേടിയില്ല,MOVIE
ഗബ്രിയേൽ സാൽവറ്റോർസ്,TAGS
നിക്കോളോ അമ്മാനിറ്റി,PERSON
തട്ടിക്കൊണ്ടുപോകൽ,TAGS
1970-കൾ,TAGS
ഇറ്റലി,TAGS
സാന്താക്ലോസ്,MOVIE
റെനെ കാർഡോണ,PERSON
നീല പുക,MOVIE
ആൺകുട്ടികൾ തിരിച്ചെത്തി,MOVIE
സൈമൺ കാർ,PERSON
തെക്കൻ സുഖം,MOVIE
ചാര കുട്ടികൾ,MOVIE
കോണി ആൻഡ് കാർല,MOVIE
മൈക്കൽ ലെംബെക്ക്,PERSON
നിയ വാർഡലോസ്,PERSON
ടോണി കോളറ്റ്,PERSON
ഡേവിഡ് ഡുചോവ്നി,PERSON
വലിച്ചിടുക,TAGS
ഒറ്റപ്പെട്ട ചെന്നായ മക്വാഡ്,MOVIE
ഫാന്റസം ii,MOVIE
ലോല മോണ്ടെസ്,MOVIE
ഗ്ലെൻ ജോർദാൻ,PERSON
ഡയാൻ പാത,PERSON
അലക് ബാൾഡ്വിൻ,PERSON
ജെസ്സിക്ക ലാംഗേ,PERSON
എല്ലാ പ്രസിഡന്റിന്റെ ആളുകളും,MOVIE
കാൾ ബെർൺസ്റ്റൈൻ,PERSON
ജേഴ്സി പെൺകുട്ടി,MOVIE
സ്കാർലറ്റിൽ ഒരു പഠനം,MOVIE
എഡ്വിൻ എൽ. മരിൻ,PERSON
ആർതർ കോനൻ ഡോയൽ,PERSON
റോബർട്ട് ഫ്ലോറി,PERSON
റെജിനാൾഡ് ഓവൻ,PERSON
അന്ന മെയ് വോങ്,PERSON
1933,YEAR
ഷെർലക് ഹോംസ്,TAGS
സീൽ ചെയ്ത ചരക്ക്,MOVIE
എഡ്മണ്ട് ഗില്ലിഗൻ,PERSON
ഡാന ആൻഡ്രൂസ്,PERSON
ക്രാഷ്,MOVIE
കാർ അപകടം,TAGS
അമേരിക്കൻ പേടിപ്പെടുത്തുന്ന,MOVIE
ജോൺ ഇ. ഹഡ്ജൻസ്,PERSON
മണൽ കലർന്ന ക്ലാർക്ക്,PERSON
ഗ്രേസി,MOVIE
നിഗൂഢ തെരുവ്,MOVIE
ഹൈസ്കൂൾ ഹൈ,MOVIE
കള്ളനെ പിടിക്കാൻ,MOVIE
വിറയൽ,MOVIE
ഫിൻ കാർട്ടർ,PERSON
വാലന്റീനോ,MOVIE
ഒരു ടീം,MOVIE
ഹവാനയിൽ 7 ദിവസം,MOVIE
ഈ പെൺകുട്ടികൾ,MOVIE
ഭയപ്പെടുത്തുന്ന സിനിമ 5,MOVIE
മാൽക്കം ഡി. ലീ,PERSON
ഇലക്ട്രിക് കാറിന്റെ പ്രതികാരം,MOVIE
മകാരിയോ,MOVIE
റോബർട്ടോ ഗാവൽഡൻ,PERSON
ബി. യാത്ര ചെയ്തു,PERSON
ഇഗ്നാസിയോ ലോപ്പസ് ടാർസോ,PERSON
പിന പെല്ലിസർ,PERSON
അപ്സ്ട്രീം നിറം,MOVIE
ഷെയ്ൻ കാരത്ത്,TAGS
വെളുത്ത സ്ത്രീ,MOVIE
ഹവായിയിലേക്കുള്ള ഹാർഡ് ടിക്കറ്റ്,MOVIE
മേരി കാൾട്ടൺ പ്രതീക്ഷിക്കുന്നു,PERSON
റോണിൻ,MOVIE
ഇരട്ട എടുത്തു,MOVIE
ടോം മക്കാർത്തി,PERSON
യം യം മരത്തിന്റെ ചുവട്ടിൽ,MOVIE
നല്ല കമ്പനങ്ങൾ,MOVIE
കോളിൻ കാർബെറി,PERSON
കരയുക ചെന്നായ,MOVIE
മാർജോറി കാർലെട്ടൺ,PERSON
carancho,MOVIE
പാബ്ലോ ട്രപെറോ,PERSON
ലൈംഗിക ജീവിതം,MOVIE
കാർല ഗാലോ,PERSON
ആന്തരിക സ്ഥലം,MOVIE
യൂണിഫോമിൽ മഡ്ചെൻ,MOVIE
കാൾ ഫ്രോലിച്ച്,PERSON
പോസിഡോൺ സാഹസികത,MOVIE
കറുത്ത നാർസിസസ്,MOVIE
ജെയ്ൻ മാൻസ്ഫീൽഡിന്റെ കാർ,MOVIE
ബില്ലി ബോബ് തോൺടൺ,PERSON
കെവിൻ ബേക്കൺ,PERSON
ജോൺ വേദനിപ്പിച്ചു,PERSON
enid,MOVIE
ഞണ്ടുകളുടെ പ്രതികാരം,MOVIE
എന്റെ അധ്യാപകൻ,MOVIE
കേരെൻ കായേ,PERSON
മേശയ്ക്കു കുറുകെ കൈകൾ,MOVIE
വൈകിയുള്ള ഷിഫ്റ്റ്,MOVIE
ജൂലിയൻ മൂർ,PERSON
chloë grace moretz,PERSON
ഫ്ലാഷ്ബാക്ക്,MOVIE
ടോപ്പർ,MOVIE
ഒരു വർഷം മുമ്പ് ശൈത്യകാലത്ത്,MOVIE
കരോലിൻ ലിങ്ക്,TAGS
മോണ്ടോ ഹോളിവുഡ്,MOVIE
റോബർട്ട് കാൾ കോഹൻ,PERSON
ഇനിയും കാത്തിരിക്കുന്നു...,MOVIE
പറക്കുന്ന കടുവകൾ,MOVIE
ജഡിക അറിവ്,MOVIE
ജൂൾസ് ഫീഫർ,PERSON
ജാക്ക് നിക്കോൾസൺ,TAGS
കാൻഡിസ് ബർഗൻ,PERSON
ആർട്ട് ഗാർഫങ്കൽ,PERSON
ട്രോൾ,MOVIE
ജോൺ കാൾ ബ്യൂച്ലർ,PERSON
ഫ്ലേൻഡറുകളിലെ കാർണിവൽ,MOVIE
jacques feyder,PERSON
ഒഴിവുകൾ,MOVIE
കർദ്ദിനാൾ,MOVIE
റോബർട്ട് ഡോസിയർ,PERSON
ഹെൻറി മോർട്ടൺ റോബിൻസൺ,PERSON
ടോം ട്രയോൺ,PERSON
ഡൊറോത്തി ഗിഷ്,PERSON
മാഗി മക്നാമര,PERSON
1963,YEAR
പിങ്ക് സ്പർശം,MOVIE
ലേഡി ഓസ്കാർ,MOVIE
ജാക്ക് ഡെമി,PERSON
റിയോക്കോ ഇകെഡ,PERSON
വൈൽഡ്,MOVIE
മഞ്ഞു കേക്ക്,MOVIE
സലോമിയുടെ അവസാന നൃത്തം,MOVIE
ചിട്ട,MOVIE
ഭൂമിയിലെ മനുഷ്യന്റെ ഇണചേരൽ ശീലങ്ങൾ,MOVIE
ജിമ്മി ഷോ,MOVIE
മാലാഖമാർക്ക് മാത്രമേ ചിറകുള്ളു,MOVIE
കാറുകൾ 2,MOVIE
ബ്രാഡ് ലൂയിസ്,PERSON
ബെൻ രാജ്ഞി,PERSON
എമിലി മോർട്ടിമർ,PERSON
ചാരൻ,TAGS
കൊതിയൂറുന്ന,MOVIE
പ്രകാശ ദർശനങ്ങൾ,MOVIE
ടോഡ് മക്കാർത്തി,PERSON
ചാമിലിയൻ,MOVIE
നതാലി കാർട്ടർ,PERSON
അയഞ്ഞ പീരങ്കികൾ,MOVIE
റിക്കാർഡോ സ്കാമാർസിയോ,PERSON
സിനിമ 43,MOVIE
ചൂടുള്ള ശനിയാഴ്ച,MOVIE
നാൻസി കരോൾ,PERSON
ടാംഗോ,MOVIE
ഉയർന്ന കുറ്റകൃത്യങ്ങൾ,MOVIE
ആനന്ദം,MOVIE
ഭയപ്പെടുത്തുന്ന സിനിമ 4,MOVIE
pat proft,PERSON
ക്രെയ്ഗ് മാസിൻ,PERSON
ജിം എബ്രഹാംസ്,PERSON
റെജീന ഹാൾ,PERSON
ഫ്രാഞ്ചൈസി,TAGS
കാർനെ,MOVIE
gaspar noé,TAGS
ഫിലിപ്പ് നഹോൺ,PERSON
ബ്ലാന്റൈൻ ലെനോയർ,PERSON
മിസ്റ്റിക് മസാസർ,MOVIE
കാരിൽ ഫിലിപ്സ്,PERSON
ഗ്രീൻ കാർഡ്,MOVIE
ആൻഡി മക്ഡോവെൽ,TAGS
ജെറാർഡ് ഡിപാർഡിയു,PERSON
 കോമഡി,GENRE
പേടിച്ചു വിറച്ചു,MOVIE
സീൻ ബിഷപ്പ്,PERSON
ഇരട്ട അല്ലെങ്കിൽ ഒന്നുമില്ല,MOVIE
എന്റെ പ്രിയപ്പെട്ട സുന്ദരി,MOVIE
വേദനയും പരമാനന്ദവും,MOVIE
അന്യൻ,MOVIE
എന്റെ വഴിക്ക് പോകുന്നു,MOVIE
അവൾ അവനോട് തെറ്റ് ചെയ്തു,MOVIE
മുന്നോട്ടുള്ള വഴി,MOVIE
ദൈവമേ!,MOVIE
എൻഡറിന്റെ കളി,MOVIE
ഓർസൺ സ്കോട്ട് കാർഡ്,TAGS
ശരിയാകുന്നു,MOVIE
പറുദീസയിൽ കുടുങ്ങി,MOVIE
ഗ്രേ ലേഡി ഡൗൺ,MOVIE
ആനന്ദം തേടുന്നവർ,MOVIE
തീക്കനൽ നഗരം,MOVIE
യുദ്ധത്തിന്റെ വഴി,MOVIE
ഫാറ്റ്സോ,MOVIE
റോൺ കാരി,PERSON
ആറ് ഉപയോഗിച്ച് നിങ്ങൾക്ക് മുട്ടയുടെ ഉരുൾ ലഭിക്കും,MOVIE
സ്വപ്ന ഭാര്യ,MOVIE
മരപ്പണിക്കാരൻ,MOVIE
ഡേവിഡ് വെല്ലിംഗ്ടൺ,PERSON
ഡഗ് ടെയ്‌ലർ,PERSON
റിയോ 2,MOVIE
ടാർടഫ്,MOVIE
കാൾ മേയർ,PERSON
സന്തോഷത്തോടെ എന്നേക്കും,MOVIE
ഐറിൻ കാര,PERSON
മീഡിയ,MOVIE
ലാ കുക്കറാച്ച,MOVIE
ജാക്ക് പെരസ്,PERSON
ജോക്വിം ഡി അൽമേഡ,PERSON
കുതിരക്കാരൻ,MOVIE
കരോളിൻ മരോഹസി,PERSON
കാർബൺ രാഷ്ട്രം,MOVIE
പീറ്റർ ബൈക്ക്,PERSON
ചിലപ്പോൾ ഏപ്രിലിൽ,MOVIE
കരോൾ കരേമേര,PERSON
കോളൻ,MOVIE
ഡെഡ്ബോൾട്ട്,MOVIE
മിഷേൽ സ്കാരാബെല്ലി,PERSON
ഹേവയർ,MOVIE
ജിന കാരാനോ,PERSON
ജീവിക്കുക മരിക്കട്ടെ,MOVIE
കരീബിയൻ,TAGS
1938,YEAR
കാർമൻമാരുടെ പ്രണയം,MOVIE
ചാൾസ് വിഡോർ,PERSON
ഗ്ലെൻ ഫോർഡ്,PERSON
റീത്ത ഹേവർത്ത്,PERSON
1948,YEAR
റിയോ,MOVIE
മിസ്റ്റർ. പോപ്പർ പെൻഗ്വിനുകൾ,MOVIE
ബീഫ് കേക്ക്,MOVIE
കരോൾ ഗോഡ്സ്മാൻ,PERSON
ഇടിമുഴക്കത്തിന്റെ നാളുകൾ,MOVIE
നസ്കർ,TAGS
ചെമ്പ് മല,MOVIE
നിശബ്ദതയ്ക്കപ്പുറം,MOVIE
ആഫ്രിക്ക,TAGS
മൃഗങ്ങൾ,TAGS
സ്വപ്ന പദ്ധതി,TAGS
സച്ച ബാരോൺ കോഹൻ,TAGS
മഴവില്ലിനടിയിൽ,MOVIE
ഡ്രൈവിംഗ് ലൈസൻസ്,MOVIE
പുരുഷന്മാർ,MOVIE
കാർട്ടർ നേടുക,MOVIE
മൈക്ക് ഹോഡ്ജുകൾ,PERSON
ടെഡ് ലൂയിസ്,PERSON
ബ്രിട്ട് എക്ലാൻഡ്,PERSON
അയാൻ ഹെൻഡ്രി,PERSON
ജോൺ ഓസ്ബോൺ,PERSON
കൊലപാതകം,TAGS
പുനർനിർമ്മിച്ചു,TAGS
അക്വാ ഇ സപോൺ,MOVIE
നീതിയുള്ള കൊല,MOVIE
ഫ്രെഡ് അസ്റ്റയർ,PERSON
ഇത്തവണ,MOVIE
കാർലി പോപ്പ്,PERSON
വെയ്‌നിന്റെ ലോകം,MOVIE
അടുത്ത വീട്ടിലെ ചാരൻ,MOVIE
പേടിപ്പെടുത്തുന്ന ഇരുണ്ട രാത്രി,MOVIE
ഫ്രാങ്ക് ഡി ഫെലിറ്റ,PERSON
ജെ.ഡി. ഫീഗൽസൺ,PERSON
ക്ലൈവ് ഗോർഡൻ,PERSON
ഡാനിയൽ ബ്രൂൽ,PERSON
പീറ്റർ മുള്ളൻ,PERSON
ലൂയിസ് ടോസർ,PERSON
സാമുലി എഡൽമാൻ,PERSON
വടു,MOVIE
krzysztof kieslowski,PERSON
ഫ്രാൻസിസ്സെക് പിസ്ക,PERSON
പോളിഷ്,LANGUAGE
austregésilo carrano,PERSON
സംശയം,MOVIE
മിസ് കൺജെനിയാലിറ്റി,MOVIE
കാരിൻ ലൂക്കാസ്,PERSON
ഡോൺ കാർമോഡി,PERSON
സംഘം,MOVIE
വധുക്കൾ,MOVIE
അത് ബഹിരാകാശത്ത് നിന്നാണ് വന്നത്,MOVIE
ബോക്സ്കാർ ബെർത്ത,MOVIE
ബെൻ എൽ. റീറ്റ്മാൻ,PERSON
സണ്ണി,MOVIE
ജോൺ കാർലെൻ,PERSON
മൂന്ന് പ്രണയങ്ങളുടെ കഥ,MOVIE
രാത്രി സന്ദർശകൻ,MOVIE
എല്ലാ പെൺകുട്ടികളും വിവാഹം കഴിക്കണം,MOVIE
ഭ്രാന്തൻ സെക്സി ക്യാൻസർ,MOVIE
ക്രിസ് കാർ,PERSON
സാത്താൻ ഒരിക്കലും ഉറങ്ങില്ല,MOVIE
വിലക്കപ്പെട്ട സിറ്റി പോലീസ്,MOVIE
കാർമാൻ ലീ,PERSON
അവർ ജീവിക്കുന്നു,MOVIE
മരണത്തിന്റെ മുഖങ്ങൾ ii,MOVIE
മൈക്കൽ കാർ,PERSON
ക്വാറന്റൈൻ,MOVIE
സൺസെറ്റ് ലിമിറ്റഡ്,MOVIE
l ആകൃതിയിലുള്ള മുറി,MOVIE
അവന്റെ പെൺകുട്ടി വെള്ളിയാഴ്ച,MOVIE
പതിമൂന്ന് സ്ത്രീകൾ,MOVIE
ക്യാപ്റ്റൻ കുട്ടി,MOVIE
അർദ്ധരാത്രി മേരി,MOVIE
ചൈനീസ് റൗലറ്റ്,MOVIE
മുഖം,MOVIE
റിക്കാർഡോ ട്രോഗി,PERSON
കേടുകൂടാതെ,MOVIE
താമസിക്കുക,MOVIE
തിളക്കം,MOVIE
മിസ്റ്റർ. ബ്ലാൻഡിംഗ്സ് തന്റെ സ്വപ്ന ഭവനം പണിയുന്നു,MOVIE
പീറ്റർ ഹൈംസ്,PERSON
ഗാരി ഭക്ഷിക്കുന്നു,PERSON
ജിമ്മി ഹസ്റ്റൺ,PERSON
ബില്ലി ക്രിസ്റ്റൽ,PERSON
ഗ്രിഗറി ഹൈൻസ്,PERSON
പോലീസ്,TAGS
ഒരു നല്ല ജോഡി,MOVIE
നടത്തക്കാരൻ,MOVIE
നിക്കരാഗ്വ,TAGS
കുജോ,MOVIE
ഡോൺ കാർലോസ് ഡൺവേ,PERSON
ഓപ്പറേഷൻ പെറ്റികോട്ട്,MOVIE
പതറുന്നു,MOVIE
പീറ്റർ മക്കാർത്തി,PERSON
ന്യൂയോർക്കിലെ രാജാവ്,MOVIE
ആരോൺ ഏഞ്ചലയെ സ്നേഹിക്കുന്നു,MOVIE
ഡോൾഫിന്റെ കണ്ണ്,MOVIE
പാരീസിലെ ഒരു അമേരിക്കൻ,MOVIE
സെന്റ് ഓഫ് മണികൾ. മേരിയുടെ,MOVIE
ഡോ.യുടെ മന്ത്രിസഭ. കാലിഗാരി,MOVIE
വൈവിധ്യമാർന്ന വിളക്കുകൾ,MOVIE
കാർല ഡെൽ പോജിയോ,PERSON
ഇരുട്ട്,MOVIE
ഐക്കറസിലെ പോലെ,MOVIE
henri verneuil,PERSON
39 പടികൾ,MOVIE
"സുഹൃത്തേ, എന്റെ കാർ എവിടെയാണ്?",MOVIE
ഡാനി ലീനർ,TAGS
ആഷ്ടൺ കച്ചർ,TAGS
സീൻ വില്യം സ്കോട്ട്,TAGS
നർമ്മം,TAGS
കല്ലെറിയുന്നവൻ,TAGS
ഹെസ്റ്റർ സ്ട്രീറ്റ്,MOVIE
fbi യിൽ ഞാൻ ഒരു കമ്മ്യൂണിസ്റ്റായിരുന്നു,MOVIE
ഡോ. ഡോലിറ്റിൽ 2,MOVIE
ഞങ്ങളുടെ കുടുംബ കല്യാണം,MOVIE
കാർലോസ് മെൻസിയ,PERSON
ഗ്ലോറിയ,MOVIE
ആഫ്രിക്കയിൽ ഒരിടത്തും ഇല്ല,MOVIE
"വീട്ടിലേക്ക് സ്വാഗതം, റോക്സി കാർമൈക്കൽ",MOVIE
വിനോന റൈഡർ,PERSON
ഓഫീസ് കൊലയാളി,MOVIE
ഷാഡോകളുടെ തുറമുഖം,MOVIE
ഒരു ഭ്രാന്തൻ വീട്ടമ്മയുടെ ഡയറി,MOVIE
സ്വന്തമായി ഒരു പുരുഷനും ഇല്ല,MOVIE
വടക്ക് വടക്ക് പടിഞ്ഞാറ്,MOVIE
സ്പെൻസറുടെ പർവ്വതം,MOVIE
മനസ്സിൽ വിഷമം,MOVIE
വിള്ളലുകൾ,MOVIE
കരോളിൻ ഐപി,PERSON
സിൽവർ ലൈനിംഗ്സ് പ്ലേബുക്ക്,MOVIE
സംഘം എല്ലാം ഇവിടെയുണ്ട്,MOVIE
കഠിനമായ ഒരു പകലിന്റെ രാത്രി,MOVIE
പാർക്കിംഗിന്റെ സൂക്ഷ്മ കല,MOVIE
ട്രെന്റ് കാൾസൺ,PERSON
കൗബോയിയും സ്ത്രീയും,MOVIE
ഒരു സത്യം,MOVIE
വ്യാപാരി കൊമ്പ്,MOVIE
നൈറ്റ് നീക്കങ്ങൾ,MOVIE
കാൾ ഷെങ്കൽ,PERSON
ഒക്ലഹോമ!,MOVIE
കെയർ ചികിത്സ,MOVIE
ബ്ലേക്ക് എഡ്വേർഡ്സ്,PERSON
മൈക്കൽ ക്രിക്റ്റൺ,PERSON
മഡഗാസ്കർ തൊലി,MOVIE
ജോൺ ഹന്ന,PERSON
ബെർണാർഡ് കുന്ന്,PERSON
നീല വസ്ത്രത്തിൽ പിശാച്,MOVIE
സ്റ്റേഷൻ ഏജന്റ്,MOVIE
വിചിത്രമായ ആക്രമണകാരികൾ,MOVIE
റോബർട്ട് സെമെക്കിസ്,PERSON
കഥാപാത്രങ്ങൾ,TAGS
വലിയ രാജ്യം,MOVIE
കാവൽക്കാരൻ,MOVIE
ഫ്രാൻസെസ്കോ റോസി,TAGS
ലുഡോവിക് ഹാലേവി,PERSON
ഹെൻറി മെയിൽഹാക്ക്,PERSON
പ്ലാസിഡോ ഡൊമിംഗോ,PERSON
ruggero raimondi,PERSON
ജൂലിയ മൈജെൻസ്,PERSON
വിശ്വാസം എഷാം,PERSON
പിങ്ക് പാന്തറിന്റെ മകൻ,MOVIE
ടെക്സാസ് കാർണിവൽ,MOVIE
ഹോവാർഡ് കീൽ,PERSON
ചുവന്ന അസ്ഥികൂടം,PERSON
എസ്തർ വില്യംസ്,PERSON
ബുള്ളറ്റുമായി ഒന്നാം നമ്പർ,MOVIE
സ്നേഹിക്കപ്പെടാത്ത,MOVIE
പാറക്കെട്ടുകൾ,MOVIE
കറുത്ത സ്റ്റാലിയൻ,MOVIE
ടോപ്പർ മടങ്ങി,MOVIE
മർഫി നിയമം,MOVIE
വളരെ വിഡ്ഢിത്തമുള്ള ഒരു സിനിമ,MOVIE
ഡഗ്ലസ് മക്കാർത്തി,PERSON
നഗരത്തിലെ സംസാരം,MOVIE
കാർഡുകളുടെ വീട്,MOVIE
മൈക്കൽ ലെസ്സാക്ക്,PERSON
ടോമി ലീ ജോൺസ്,TAGS
കാത്ലീൻ ടർണർ,PERSON
ആത്മാവ്,MOVIE
ഏഞ്ചല ബെറ്റിസ്,PERSON
ഒരു ജീവിത സ്വപ്നങ്ങൾ,MOVIE
കരോൾ മോർലി,PERSON
ഭയാനകമായ ഡോ. ഹിക്ക്കോക്ക്,MOVIE
റിക്കാർഡോ ഫ്രെഡ,PERSON
കടും ചുവപ്പും കറുപ്പും,MOVIE
ജെറി ലണ്ടൻ,PERSON
ക്രിസ്റ്റഫർ പ്ലമ്മർ,PERSON
ഗ്രിഗറി പെക്ക്,PERSON
റോം,TAGS
വത്തിക്കാൻ,TAGS
കരോലിന,MOVIE
മാർലീൻ ഗോറിസ്,PERSON
ജൂലിയ സ്റ്റൈൽസ്,PERSON
റാൻഡി ക്വെയ്ഡ്,PERSON
അലസ്സാൻഡ്രോ നിവോള,PERSON
തീയതി രാത്രി,MOVIE
കള്ളൻ കള്ളൻ,MOVIE
കോച്ച് കാർട്ടർ,MOVIE
ജോൺ ഗാറ്റിൻസ്,PERSON
അടയാളം schwahn,PERSON
സാമുവൽ എൽ. ജാക്സൺ,TAGS
തവിട്ടുനിറം,PERSON
കായികം,GENRE
ബാസ്ക്കറ്റ്ബോൾ,TAGS
ഒരു ആധുനിക കാര്യം,MOVIE
കരോളിൻ ആരോൺ,PERSON
ലൈംഗികതയും അക്രമവും കുടുംബ മണിക്കൂർ,MOVIE
ഒരു തെറ്റായ നീക്കം,MOVIE
അഭിമാനത്തോടെ അവളുടെ പേര് കൊത്തിയെടുക്കുക,MOVIE
ആർ.ജെ. മിനി,PERSON
വിർജീനിയ മക്കെന്ന,PERSON
1958,YEAR
മനുഷ്യൻ കുഴപ്പം,MOVIE
മന്ത്രവാദിനി പർവതത്തിലേക്കുള്ള ഓട്ടം,MOVIE
ഗൺ ഹില്ലിൽ നിന്നുള്ള അവസാന ട്രെയിൻ,MOVIE
ടാർസനും നഷ്ടപ്പെട്ട നഗരവും,MOVIE
യഥാർത്ഥ നീല,MOVIE
പിണങ്ങുക,MOVIE
സോമ്പികളുടെ പ്രതികാരം,MOVIE
മുഴുവൻ മോണ്ടി,MOVIE
വേനൽക്കാല വാടക,MOVIE
സോളമൻ രാജാവിന്റെ ഖനികൾ,MOVIE
ഡാഡി ഡേ കെയർ,MOVIE
ജിയോഫ് rodkey,PERSON
എഡ്ഡി മർഫി,TAGS
ഓപ്പറയിലെ ഒരു രാത്രി,MOVIE
കിറ്റി കാർലിസ്ലെ,PERSON
ചത്ത മത്സ്യം,MOVIE
കരണ്ടിരു,MOVIE
ഹെക്ടർ ബാബെൻകോ,TAGS
ലൂയിസ് കാർലോസ് വാസ്‌കോൺസെലോസ്,PERSON
ജയിൽ,TAGS
ലാറ്റിനമേരിക്ക,TAGS
ബ്രസീൽ,TAGS
ബിസിനസ്സ് ശ്രദ്ധിക്കുന്നു,MOVIE
ജെയിംസ് ബെലൂഷി,PERSON
ചാൾസ് ഗ്രോഡിൻ,PERSON
അനശ്വരന്മാർ,MOVIE
മിസ്റ്റർ മാഗൂവിന്റെ ക്രിസ്മസ് കരോൾ,MOVIE
ജിം ബാക്കസ്,PERSON
ജാക്ക് കാസിഡി,PERSON
മോറി ആംസ്റ്റർഡാം,PERSON
1962,YEAR
ചൊവ്വയുടെ പ്രേതങ്ങൾ,MOVIE
"പാരീസ്, ടെക്സസ്",MOVIE
എൽ.എം. കിറ്റ് കാർസൺ,PERSON
"കാർ 54, നിങ്ങൾ എവിടെയാണ്?",MOVIE
ബിൽ മത്സ്യത്തൊഴിലാളി,PERSON
നാറ്റ് ഹൈക്കൺ,PERSON
ജോൺ സി. മക്ഗിൻലി,PERSON
ഡേവിഡ് ജോഹാൻസെൻ,PERSON
നിപ്സി റസ്സൽ,PERSON
അഭൗമമായ,MOVIE
പഠന വക്രം,MOVIE
കാർമൈൻ ജിയോവിനാസോ,PERSON
കാർബൺ കോപ്പി,MOVIE
ജാക്ക് വാർഡൻ,PERSON
സൂസൻ സെന്റ് ജെയിംസ്,PERSON
"നിങ്ങളുടെ സ്കാർഫ് സൂക്ഷിക്കുക, ടാറ്റിയാന",MOVIE
aki kaurismäki,PERSON
ഫിനിഷ്,LANGUAGE
മാന്യൻ ജിം,MOVIE
ക്രൂരമായ രാത്രികൾ,MOVIE
കാർലോസ് ലോപ്പസ്,PERSON
കാപ്പോൺ,MOVIE
ഭ്രാന്തിന്റെ വായിൽ,MOVIE
ഇരുണ്ട നക്ഷത്രം,MOVIE
അഭിമാനവും അഭിനിവേശവും,MOVIE
മോണ്ടെ കാർലോ,MOVIE
ബൂത്ത് ടാർക്കിംഗ്ടൺ,PERSON
ജീനറ്റ് മക്ഡൊണാൾഡ്,PERSON
1930,YEAR
നഷ്ടപ്പെട്ട കുട്ടികളുടെ നഗരം,MOVIE
ചന്ദ്രനിൽ ആമസോൺ സ്ത്രീകൾ,MOVIE
ന്യൂയോർക്കിലെ ടോസ്റ്റ്,MOVIE
ഒന്നും പവിത്രമല്ല,MOVIE
സഹാറ,MOVIE
'76ന്റെ ആത്മാവ്,MOVIE
കാരി കോഴി,PERSON
ആഗ്നസ് ബ്രൗൺ,MOVIE
മാഡലോൺ ക്ലൗഡറ്റിന്റെ പാപം,MOVIE
ആകണോ വേണ്ടയോ,MOVIE
ഡെൽഫിൻ ഗ്ലീസ്,PERSON
വിടവാങ്ങൽ,MOVIE
ക്രിസ്ത്യൻ കരിയോൺ,PERSON
രാജാവ് ക്രിയോൾ,MOVIE
"കരയുക, പ്രിയപ്പെട്ട രാജ്യം",MOVIE
ചാൾസ് കാർസൺ,PERSON
എല്ലാ മന്ത്രവാദം,MOVIE
ഗെയിൽ കാർസൺ ലെവിൻ,PERSON
കറുത്ത സുന്ദരി,MOVIE
കാർഡ് പ്ലെയർ,MOVIE
ഡാരിയോ അർജന്റോ,PERSON
ലിയാം കണ്ണിംഗ്ഹാം,PERSON
സ്റ്റെഫാനിയ റോക്ക,PERSON
വെള്ളി ബ്രംബി,MOVIE
കരോലിൻ ഗുഡാൾ,PERSON
ഒരിക്കൽ,MOVIE
ലില്ലി,MOVIE
കാറോ ഡയറിയോ,MOVIE
നന്നി മൊറേട്ടി,TAGS
വീടിന്റെ യജമാനൻ,MOVIE
സോംബി അപ്പോക്കലിപ്സ്,MOVIE
ജോണി പേക്കാർ,PERSON
ഉയരവും വീതിയും സുന്ദരവും,MOVIE
എനിക്കായി അവരെ ചുംബിക്കുക,MOVIE
സഹോദരി കെന്നി,MOVIE
പരീക്ഷണം അപകടകരം,MOVIE
മാർഗരറ്റ് ആശാരി,PERSON
ബിക്കിനി കാർവാഷ് കമ്പനി,MOVIE
എഡ് ഹാൻസെൻ,PERSON
ക്രിസ്റ്റി ഡുക്കാറ്റി,PERSON
ജോ ഡൂസിക്,PERSON
ചീത്ത കർമ്മം,MOVIE
കാർമൽ,PERSON
പ്രേതബാധയുള്ള കടലിൽ നിന്നുള്ള ജീവി,MOVIE
ആന്റണി കാർബൺ,PERSON
സ്വാഗതം. വയലുകളും ഞാനും,MOVIE
കാർലോട്ട മോണ്ടി,PERSON
"മോഷണം, inc.",MOVIE
ഇന്ത്യൻ ഗാനം,MOVIE
മാത്യു കാരിയർ,PERSON
വെടിയുണ്ടകൾ പറക്കട്ടെ,MOVIE
സൈക്കോ iii,MOVIE
ചുവന്ന കൂടാരം,MOVIE
ഹാംബർഗർ ഹിൽ,MOVIE
മൂൺലൈറ്റ് സെറിനേഡ്,MOVIE
ജിയാൻകാർലോ ടല്ലറിക്കോ,PERSON
കൊതിപ്പിക്കുന്ന മദ്യപാനം,MOVIE
എല്ലാ യുദ്ധങ്ങളും അവസാനിപ്പിക്കാൻ,MOVIE
ചന്ദ്രനോട് അടുത്ത്,MOVIE
നേ കാരൻഫിൽ,PERSON
പിരാന,MOVIE
അൾത്താര ആൺകുട്ടികളുടെ അപകടകരമായ ജീവിതം,MOVIE
പീറ്റർ കെയർ,PERSON
നാളേക്ക് വഴിയൊരുക്കുക,MOVIE
റൊമാൻസോ ക്രിമിനൽ,MOVIE
giancarlo de cataldo,PERSON
സ്കീ പട്രോൾ,MOVIE
ടി.കെ. വണ്ടിക്കാരൻ,PERSON
ഗാംഭീര്യമുള്ള,MOVIE
പിശാചിന്റെ വാതിൽക്കൽ,MOVIE
മിഷേൽ ഫൈഫർ,TAGS
മേരി എലിസബത്ത് മാസ്ട്രന്റോണിയോ,PERSON
സ്റ്റീവൻ ബോവർ,PERSON
അക്രമം,TAGS
ക്യൂബ,TAGS
ഭാഷ,TAGS
മിയാമി,TAGS
റോഡ് ഹാർഡ്,MOVIE
എനിക്ക് പൂക്കൾ അയക്കരുത്,MOVIE
കരോൾ മൂർ,PERSON
സിംപ്സൺസ് സിനിമ,MOVIE
നാൻസി കാർട്ട് റൈറ്റ്,PERSON
നാല് ഋതുക്കൾ,MOVIE
കണ്ണിന് ഒരു കണ്ണ്,MOVIE
ഫ്രാങ്കെൻസ്റ്റീൻ നശിപ്പിക്കപ്പെടണം,MOVIE
ശൂന്യമായ കൂട്,MOVIE
ഓസ്കാർ മാർട്ടിനെസ്,PERSON
ജഗ്ഗ് മുഖം,MOVIE
റീബൗണ്ട്,MOVIE
സമ്മാനപ്പോരാളിയും സ്ത്രീയും,MOVIE
പ്രിമോ കാർനെറ,PERSON
പുല്ല് കൂടുതൽ പച്ചയാണ്,MOVIE
മിസ്റ്റർ. ഭാഗ്യം,MOVIE
മാംബോ രാജാക്കന്മാർ,MOVIE
ഓസ്കാർ ഹിജുലോസ്,PERSON
ഡോറിയൻ ഗ്രേയുടെ ചിത്രം,MOVIE
ബർബുകൾ,MOVIE
പാറക്കെട്ട് iv,MOVIE
നാളെക്കപ്പുറം,MOVIE
ഫോക്കസ്,MOVIE
പ്രേതം,MOVIE
ബോംബ്,MOVIE
കരോലിൻ ഫ്രാങ്കെ,PERSON
കാട്ടിലെ നിരീക്ഷകൻ,MOVIE
തോമസ് ബെസുച്ച,PERSON
സെലീന ഗോമസ്,PERSON
കാറ്റി കാസിഡി,PERSON
ലെയ്റ്റൺ മീസ്റ്റർ,PERSON
ഇതാണ് എന്റെ ജീവിതം,MOVIE
കറുത്ത ചന്ദ്രൻ ഉദിക്കുന്നു,MOVIE
പരിചാരകർ,MOVIE
ഹാൾ ബാർട്ട്ലെറ്റ്,PERSON
ഹെൻറി എഫ്. ഗ്രീൻബർഗ്,PERSON
ജെറി പാരീസ്,PERSON
ഡാരിയൽ ടെൽഫർ,PERSON
റോബർട്ട് സ്റ്റാക്ക്,PERSON
പോളി ബർഗൻ,PERSON
കെല്ലിയുടെ വീരന്മാർ,MOVIE
ലെയ്ൻ കരോൾ,PERSON
കാട്ടിലെ രാജാവ്,MOVIE
മൈക്കൽ യോർക്ക്,PERSON
ഹൂപ്പി ഗോൾഡ്ബെർഗ്,PERSON
ടിം കറി,PERSON
delicatessen,MOVIE
ഹാലോവീൻ ii,MOVIE
ശക്തരായ മാക്‌സ്,MOVIE
തമാശയുള്ള അസ്ഥികൾ,MOVIE
നിയമമില്ലാത്തവൻ,MOVIE
മക്കാർത്തൂർ,MOVIE
റിവിയേരയിലെ മൂമിനുകൾ,MOVIE
സേവ്യർ പിക്കാർഡ്,PERSON
ഏറ്റവും ആവശ്യമുള്ള മനുഷ്യൻ,MOVIE
വ്യാജൻ,MOVIE
കാർലോസ് ഡി ലോസ് റിയോസ്,PERSON
കുന്നുകളുടെ ഇടയൻ,MOVIE
മുഖങ്ങൾ,MOVIE
ലിൻ കാർലിൻ,PERSON
ഡെത്ത്സ്പോർട്ട്,MOVIE
മരിച്ച റിംഗർ,MOVIE
ഫാഡോകൾ,MOVIE
കാർലോസ് ഡോ കാർമോ,PERSON
മൃതദേഹം വധു,MOVIE
അതിജീവന അന്വേഷണം,MOVIE
ഷാങ്ഹായ് പൂക്കൾ,MOVIE
കാർമെൻ വീട്ടിൽ വരുന്നു,MOVIE
കീസുകെ കിനോഷിത,PERSON
സെൻട്രൽ സ്റ്റേഷൻ,MOVIE
joão emanuel carneiro,PERSON
ഹൂട്ട്,MOVIE
ഉപയോഗിച്ച കാറുകൾ,MOVIE
ബോബ് ഗേൽ,PERSON
കുർട്ട് റസ്സൽ,PERSON
ഫ്രാങ്ക് മക്രേ,PERSON
ജെറിറ്റ് ഗ്രഹാം,PERSON
ജൂറി ഡ്യൂട്ടി,MOVIE
ജോൺ ലാൻഡീസ്,TAGS
ക്ലോഡ് മാഗ്നെയർ,PERSON
സിൽവസ്റ്റർ സ്റ്റാലോൺ,TAGS
ഒർനെല്ല മുട്ടി,PERSON
മാച്ച് പോയിന്റ്,MOVIE
ഏഴ് ശവങ്ങളുടെ വീട്,MOVIE
ഹാരി ആൻഡ് ടോന്റോ,MOVIE
ആർട്ട് കാർണി,PERSON
മഡഗാസ്കറിലെ പെൻഗ്വിനുകൾ,MOVIE
എറിക് ഡാർനെൽ,TAGS
സൈമൺ ജെ. സ്മിത്ത്,PERSON
ടോം മക്ഗ്രാത്ത്,TAGS
മൈക്കൽ കോൾട്ടൺ,PERSON
 ജോൺ എബൗഡ്,PERSON
ക്രിസ് മില്ലർ,PERSON
ക്രിസ്റ്റഫർ നൈറ്റ്സ്,PERSON
സന്തോഷത്തോടെ ഒരിക്കലും,MOVIE
എഡ്വേർഡ് കത്രിക,MOVIE
രാവും പകലും,MOVIE
പാട്രിക് സ്റ്റുവർട്ട്,PERSON
റിച്ചാർഡ് ഇ. ഗ്രാന്റ്,PERSON
വേനൽക്കാലത്ത് ഒരു കൊടുങ്കാറ്റ്,MOVIE
ഒരു തരത്തിലുള്ള ആറ്,MOVIE
വൃദ്ധർക്ക് രാജ്യമില്ല,MOVIE
ഡ്രാക്കുളയുടെ വീട്,MOVIE
വൈകി ഷോ,MOVIE
ഏറ്റവും സന്തോഷമുള്ള കോടീശ്വരൻ,MOVIE
തൂവെള്ള കമ്മലുമായി പെൺകുട്ടി,MOVIE
ആൻ കൊത്തുകാരന്റെ തൊഴിൽ,MOVIE
fay wray,PERSON
ഞാൻ എന്റെ ജീവിതം ജീവിക്കുന്നു,MOVIE
എ. കാർട്ടർ ഗുഡ്‌ലോ,PERSON
ലോകത്തിലെ മനുഷ്യൻ,MOVIE
ഒരു പ്ലം വേനൽ,MOVIE
കരോലിൻ സെൽഡർ,PERSON
വോൾവർ,MOVIE
ട്രെയിനിൽ അപരിചിതർ,MOVIE
ബബ്ബ ഹോ-ടെപ്പ്,MOVIE
കാരെൻ ആശാരി കഥ,MOVIE
റിച്ചാർഡ് ആശാരി,PERSON
സിന്തിയ ഗിബ്ബ്,PERSON
മിച്ചൽ ആൻഡേഴ്സൺ,PERSON
ഇറ്റാലിയൻ ജോലി,MOVIE
ഇപ്പോൾ പോകൂ,MOVIE
7 പെട്ടികൾ,MOVIE
ജുവാൻ കാർലോസ് മനെഗ്ലിയ,PERSON
താറാവ് സൂപ്പ്,MOVIE
ശൈലിയിൽ പോകുന്നു,MOVIE
ആവർത്തനങ്ങൾ,MOVIE
കാൾ ബെസ്സായി,PERSON
ഏഴാമത്തെ അടയാളം,MOVIE
കാൾ ഷൂൾട്സ്,PERSON
ഒരു ഹിറ്റ്മാനുമായുള്ള അഭിമുഖം,MOVIE
കരോലിൻ ടില്ലറ്റ്,PERSON
നാൻസി റിയോയിലേക്ക്,MOVIE
ഓസ്കാർ ആൻഡ് ലൂസിൻഡ,MOVIE
റാൽഫ് ഫിയൻസ്,PERSON
cate blanchett,TAGS
ടോം വിൽക്കിൻസൺ,PERSON
സിയാറൻ ഹിൻഡ്സ്,PERSON
ശത്രുക്കളുടെ പിന്നിൽ,MOVIE
മാർക്ക് കാൾട്ടൺ,PERSON
ചില ദിവസങ്ങൾ മറ്റുള്ളവയേക്കാൾ മികച്ചതാണ്,MOVIE
കാരി ബ്രൗൺസ്റ്റൈൻ,PERSON
പ്രണയത്തിന്റെ ഒരു രാത്രി,MOVIE
തുള്ളിയോ കാർമിനാറ്റി,PERSON
വലിയ മത്സ്യം,MOVIE
സ്കാർലറ്റ് സൂചന,MOVIE
ഫിൽ റോസെൻ,TAGS
കുറുക്കൻ,MOVIE
കറൗസൽ,MOVIE
ഹെൻറി രാജാവ്,TAGS
ഫെറൻക് മോൾനാർ,PERSON
ഷേർലി ജോൺസ്,PERSON
ഗോർഡൻ മാക്രേ,PERSON
എന്റെ ഗെയ്ഷ,MOVIE
ന്യൂ ഓർലിയാൻസിന്റെ ടോസ്റ്റ്,MOVIE
ഗുംഗ ദിന്,MOVIE
ദൈവത്തിന്റെ കുട്ടി,MOVIE
മേഘങ്ങളിൽ ഒരു നടത്തം,MOVIE
ആത്മാക്കളുടെ കാർണിവൽ,MOVIE
ഹെർക്ക് ഹാർവി,PERSON
candace hilligoss,PERSON
അവയവം,TAGS
എന്റെ ഹൃദയം,MOVIE
നാർക്,MOVIE
എന്റെ മകൻ ജോൺ,MOVIE
ഉറങ്ങുന്നവർ,MOVIE
ലോറെൻസോ കാർകാറ്റെറ,PERSON
യുവാക്കളും പ്രഗത്ഭരുമായ ടി.എസ്. സ്പിവെറ്റ്,MOVIE
സ്റ്റീഫൻ കെ,PERSON
മിറാൻഡ റിച്ചാർഡ്സൺ,PERSON
rachael leigh cook,PERSON
റോണ മിത്ര,PERSON
വിംഗ് കമാൻഡർ,MOVIE
മാത്യു ലില്ലാർഡ്,PERSON
സീരിയൽ അമ്മ,MOVIE
തടിച്ച കുട്ടി ലോകം ഭരിക്കുന്നു,MOVIE
സന്ദേശങ്ങൾ ഇല്ലാതാക്കി,MOVIE
വേനൽക്കാല മീൻപിടിത്തം,MOVIE
വിക്കർ പാർക്ക്,MOVIE
ഹാക്കർമാർ,MOVIE
മൃഗങ്ങളുടെ മുറി,MOVIE
പൂൾ ആൺകുട്ടികൾ,MOVIE
റെമജെനിലെ പാലം,MOVIE
റോബർട്ട് വോൺ,PERSON
പിച്ചള ലക്ഷ്യം,MOVIE
ഒരു ചാരൻ വളരെയധികം,MOVIE
ഗംഭീരമായ ഏഴ്,MOVIE
ഒരു പുരോഹിതനെ കൊല്ലാൻ,MOVIE
അഗ്നിസ്‌ക ഹോളണ്ട്,PERSON
എഡ് ഹാരിസ്,PERSON
ക്രിസ്റ്റഫർ ലാംബർട്ട്,PERSON
തണുത്ത രക്തമുള്ള,MOVIE
ജേസൺ പുരോഹിതൻ,PERSON
"എളുപ്പത്തിൽ വരൂ, എളുപ്പം പോകൂ",MOVIE
പാറ്റ് പുരോഹിതൻ,PERSON
നാലാമത്തെ മാലാഖ,MOVIE
ക്രിസ്റ്റഫർ പുരോഹിതൻ,PERSON
പുരോഹിതൻ,TAGS
ജഡ്ജി പുരോഹിതൻ,MOVIE
ജോൺ ഫോർഡ്,TAGS
ഇർവിൻ എസ്. cobb,PERSON
നീണ്ട ദ്വീപിൽ പ്രണയവും മരണവും,MOVIE
പിതാവ് ജേക്കബിന് കത്തുകൾ,MOVIE
"ലിയോൺ മോറിൻ, പുരോഹിതൻ",MOVIE
ബിയാട്രിക്സ് ബെക്ക്,PERSON
ഇമ്മാനുവേൽ റിവ,PERSON
1961,YEAR
അന്റോണിയ പക്ഷി,PERSON
ജിമ്മി മക്ഗവർൺ,PERSON
മോശം വിദ്യാഭ്യാസം,MOVIE
ഒരു നാടൻ പുരോഹിതന്റെ ഡയറി,MOVIE
റോബർട്ട് ബ്രെസ്സൻ,TAGS
ജോർജ്ജ് ബെർണാനോസ്,PERSON
ക്ലോഡ് ലേഡു,PERSON
സ്കോട്ട് സ്റ്റുവർട്ട്,PERSON
കോറി ഗുഡ്മാൻ,PERSON
പോൾ ബെറ്റനി,TAGS
മാഗി ക്യു,PERSON
ക്യാം ഗിഗാൻഡെറ്റ്,PERSON
ഡിസ്റ്റോപ്പിയ,TAGS
വാമ്പയർമാർ,TAGS
3d,TAGS
ക്രിസ്ത്യൻ പള്ളി,TAGS
എമിലി റോസിന്റെ ഭൂതോച്ചാടനം,MOVIE
കലണ്ടർ പെൺകുട്ടി,MOVIE
നല്ല സ്വപ്നങ്ങൾ,MOVIE
ചീച്ച് മരിൻ,PERSON
എല്ലായിടത്തും കാര്യങ്ങൾ കഠിനമാണ്,MOVIE
പുക ഉയരുന്നു,MOVIE
ടിൻ കപ്പ്,MOVIE
കിഴക്ക് എൽ.എ.യിൽ ജനിച്ചു,MOVIE
ബാർബിയിലെ ചെമ്മീൻ,MOVIE
വെട്ടുകത്തി,MOVIE
പോളി,MOVIE
താമരപ്പൂവ്,MOVIE
സെലിൻ സിയമ്മ,TAGS
ടോംബോയ്,MOVIE
ഗേൾഹുഡ്,MOVIE
